-- MySQL dump 10.13  Distrib 5.7.25, for Linux (x86_64)
--
-- Host: localhost    Database: voting_project
-- ------------------------------------------------------
-- Server version	5.7.25-0ubuntu0.18.04.2

/*!40101 SET @OLD_CHARACTER_SET_CLIENT=@@CHARACTER_SET_CLIENT */;
/*!40101 SET @OLD_CHARACTER_SET_RESULTS=@@CHARACTER_SET_RESULTS */;
/*!40101 SET @OLD_COLLATION_CONNECTION=@@COLLATION_CONNECTION */;
/*!40101 SET NAMES utf8 */;
/*!40103 SET @OLD_TIME_ZONE=@@TIME_ZONE */;
/*!40103 SET TIME_ZONE='+00:00' */;
/*!40014 SET @OLD_UNIQUE_CHECKS=@@UNIQUE_CHECKS, UNIQUE_CHECKS=0 */;
/*!40014 SET @OLD_FOREIGN_KEY_CHECKS=@@FOREIGN_KEY_CHECKS, FOREIGN_KEY_CHECKS=0 */;
/*!40101 SET @OLD_SQL_MODE=@@SQL_MODE, SQL_MODE='NO_AUTO_VALUE_ON_ZERO' */;
/*!40111 SET @OLD_SQL_NOTES=@@SQL_NOTES, SQL_NOTES=0 */;

--
-- Table structure for table `awardDetails`
--

DROP TABLE IF EXISTS `awardDetails`;
/*!40101 SET @saved_cs_client     = @@character_set_client */;
/*!40101 SET character_set_client = utf8 */;
CREATE TABLE `awardDetails` (
  `id` int(11) NOT NULL AUTO_INCREMENT,
  `type` varchar(45) CHARACTER SET utf8 NOT NULL,
  `year` varchar(45) COLLATE utf8_unicode_ci NOT NULL,
  `status` tinyint(1) NOT NULL,
  `description` varchar(500) CHARACTER SET utf8 DEFAULT NULL,
  `date_start` datetime NOT NULL,
  `date_end` datetime NOT NULL,
  `prize` varchar(45) COLLATE utf8_unicode_ci NOT NULL,
  `item` varchar(45) CHARACTER SET utf8 DEFAULT NULL,
  `logo_url` varchar(200) COLLATE utf8_unicode_ci DEFAULT NULL,
  `created_at` datetime NOT NULL,
  `updated_at` datetime NOT NULL,
  PRIMARY KEY (`id`)
) ENGINE=InnoDB AUTO_INCREMENT=207 DEFAULT CHARSET=utf8 COLLATE=utf8_unicode_ci;
/*!40101 SET character_set_client = @saved_cs_client */;

--
-- Dumping data for table `awardDetails`
--

LOCK TABLES `awardDetails` WRITE;
/*!40000 ALTER TABLE `awardDetails` DISABLE KEYS */;
INSERT INTO `awardDetails` VALUES (6,'Employee of the Year','2018',1,NULL,'2019-03-26 00:00:00','2019-03-28 00:00:00','VND 5,000,000.00','No','uploads/logos/2019-04-09T10:07:42.514Z_download.jpeg','2019-04-01 04:39:59','2019-04-01 04:39:59'),(7,'Employee of the Year','2018',0,NULL,'2019-03-26 00:00:00','2019-03-28 00:00:00','VND 5,000,000.00','No',NULL,'2019-04-01 06:13:42','2019-04-01 06:13:42'),(8,'Employee of the Year','2018',0,NULL,'2019-03-26 00:00:00','2019-03-28 00:00:00','VND 5,000,000.00','No',NULL,'2019-04-01 10:15:34','2019-04-01 10:15:34'),(9,'Employee of the Year','2018',0,NULL,'2019-03-26 00:00:00','2019-03-28 00:00:00','VND 5,000,000.00','No',NULL,'2019-04-01 10:17:59','2019-04-01 10:17:59'),(10,'Employee of the Year','2019',0,NULL,'2019-03-26 00:00:00','2019-03-28 00:00:00','VND 5,000,000.00','No',NULL,'2019-04-04 02:04:20','2019-04-04 02:04:20'),(11,'Employee of the Year','2019',0,NULL,'2019-03-26 00:00:00','2019-03-28 00:00:00','VND 5,000,000.00','No',NULL,'2019-04-04 02:53:07','2019-04-04 02:53:07'),(12,'Employee of the Year','2019',0,NULL,'2019-03-26 00:00:00','2019-03-28 00:00:00','VND 5,000,000.00','No',NULL,'2019-04-04 03:26:32','2019-04-04 03:26:32'),(13,'Employee of the Year','2019',0,NULL,'2019-03-26 00:00:00','2019-03-28 00:00:00','VND 5,000,000.00','No',NULL,'2019-04-04 03:27:48','2019-04-04 03:27:48'),(14,'Employee of the Year','2019',0,NULL,'2019-03-26 00:00:00','2019-03-28 00:00:00','VND 5,000,000.00','No',NULL,'2019-04-04 03:28:47','2019-04-04 03:28:47'),(15,'Employee of the Year','2016',0,NULL,'2019-03-26 00:00:00','2019-03-28 00:00:00','VND 5,000,000.00','No',NULL,'2019-04-04 03:31:15','2019-04-04 03:31:15'),(16,'Employee of the Year','2015',0,NULL,'2019-03-26 00:00:00','2019-03-28 00:00:00','VND 5,000,000.00','No',NULL,'2019-04-04 03:32:41','2019-04-04 03:32:41'),(17,'Employee of the Year','2014',0,NULL,'2019-03-26 00:00:00','2019-03-28 00:00:00','VND 5,000,000.00','No',NULL,'2019-04-04 04:00:01','2019-04-04 04:00:01'),(18,'Employee of the Year','2013',0,NULL,'2019-03-26 00:00:00','2019-03-28 00:00:00','VND 5,000,000.00','No',NULL,'2019-04-04 04:08:03','2019-04-04 04:08:03'),(19,'Employee of the Year','2012',0,NULL,'2019-03-26 00:00:00','2019-03-28 00:00:00','VND 5,000,000.00','No',NULL,'2019-04-04 04:11:40','2019-04-04 04:11:40'),(20,'Employee of the Year','2011',0,NULL,'2019-03-26 00:00:00','2019-03-28 00:00:00','VND 5,000,000.00','No',NULL,'2019-04-04 04:13:48','2019-04-04 04:13:48'),(21,'Employee of the Year','2010',0,NULL,'2019-03-26 00:00:00','2019-03-28 00:00:00','VND 5,000,000.00','No',NULL,'2019-04-04 04:24:43','2019-04-04 04:24:43'),(22,'Employee of the Year','2009',0,NULL,'2019-03-26 00:00:00','2019-03-28 00:00:00','VND 5,000,000.00','No',NULL,'2019-04-04 04:25:11','2019-04-04 04:25:11'),(23,'Employee of the Year','2008',0,NULL,'2019-03-26 00:00:00','2019-03-28 00:00:00','VND 5,000,000.00','No',NULL,'2019-04-04 04:27:25','2019-04-04 04:27:25'),(24,'Employee of the Year','2007',0,NULL,'2019-03-26 00:00:00','2019-03-28 00:00:00','VND 5,000,000.00','No',NULL,'2019-04-04 04:28:08','2019-04-04 04:28:08'),(25,'Employee of the Year','2006',0,NULL,'2019-03-26 00:00:00','2019-03-28 00:00:00','VND 5,000,000.00','No',NULL,'2019-04-04 04:34:12','2019-04-04 04:34:12'),(26,'Employee of the Year','2005',0,NULL,'2019-03-26 00:00:00','2019-03-28 00:00:00','VND 5,000,000.00','No',NULL,'2019-04-04 06:23:02','2019-04-04 06:23:02'),(27,'Employee of the Year','2019',0,NULL,'2019-03-26 00:00:00','2019-03-28 00:00:00','VND 5,000,000.00','No',NULL,'2019-04-04 06:28:13','2019-04-04 06:28:13'),(28,'Employee of the Year','2019',0,NULL,'2019-03-26 00:00:00','2019-03-28 00:00:00','VND 5,000,000.00','No',NULL,'2019-04-04 06:28:40','2019-04-04 06:28:40'),(29,'Employee of the Year','2019',0,NULL,'2019-03-26 00:00:00','2019-03-28 00:00:00','VND 5,000,000.00','No',NULL,'2019-04-04 06:30:54','2019-04-04 06:30:54'),(30,'Employee of the Year','2019',0,NULL,'2019-03-26 00:00:00','2019-03-28 00:00:00','VND 5,000,000.00','No',NULL,'2019-04-04 06:31:13','2019-04-04 06:31:13'),(31,'Employee of the Year','2019',0,NULL,'2019-03-26 00:00:00','2019-03-28 00:00:00','VND 5,000,000.00','No',NULL,'2019-04-04 06:31:48','2019-04-04 06:31:48'),(32,'Employee of the Year','2019',0,NULL,'2019-03-26 00:00:00','2019-03-28 00:00:00','VND 5,000,000.00','No',NULL,'2019-04-04 06:35:17','2019-04-04 06:35:17'),(33,'Employee of the Year','2019',0,NULL,'2019-03-26 00:00:00','2019-03-28 00:00:00','VND 5,000,000.00','No',NULL,'2019-04-04 06:36:33','2019-04-04 06:36:33'),(34,'Employee of the Year','2019',0,NULL,'2019-03-26 00:00:00','2019-03-28 00:00:00','VND 5,000,000.00','No',NULL,'2019-04-04 06:37:04','2019-04-04 06:37:04'),(35,'Employee of the Year','2019',0,NULL,'2019-03-26 00:00:00','2019-03-28 00:00:00','VND 5,000,000.00','No',NULL,'2019-04-04 06:38:03','2019-04-04 06:38:03'),(36,'Employee of the Year','2019',0,NULL,'2019-03-26 00:00:00','2019-03-28 00:00:00','VND 5,000,000.00','No',NULL,'2019-04-04 06:41:41','2019-04-04 06:41:41'),(37,'Employee of the Year','2019',0,NULL,'2019-03-26 00:00:00','2019-03-28 00:00:00','VND 5,000,000.00','No',NULL,'2019-04-04 06:54:21','2019-04-04 06:54:21'),(38,'Employee of the Year','2019',0,NULL,'2019-03-26 00:00:00','2019-03-28 00:00:00','VND 5,000,000.00','No',NULL,'2019-04-04 06:55:06','2019-04-04 06:55:06'),(39,'Employee of the Year','2019',0,NULL,'2019-03-26 00:00:00','2019-03-28 00:00:00','VND 5,000,000.00','No',NULL,'2019-04-04 06:58:26','2019-04-04 06:58:26'),(40,'Employee of the Year','2019',0,NULL,'2019-03-26 00:00:00','2019-03-28 00:00:00','VND 5,000,000.00','No',NULL,'2019-04-04 06:59:14','2019-04-04 06:59:14'),(41,'Employee of the Year','2019',0,NULL,'2019-03-26 00:00:00','2019-03-28 00:00:00','VND 5,000,000.00','No',NULL,'2019-04-04 07:01:40','2019-04-04 07:01:40'),(42,'Employee of the Year','2019',0,NULL,'2019-03-26 00:00:00','2019-03-28 00:00:00','VND 5,000,000.00','No',NULL,'2019-04-04 07:03:08','2019-04-04 07:03:08'),(43,'Employee of the Year','2019',0,NULL,'2019-03-26 00:00:00','2019-03-28 00:00:00','VND 5,000,000.00','No',NULL,'2019-04-04 07:03:21','2019-04-04 07:03:21'),(44,'Employee of the Year','2019',0,NULL,'2019-03-26 00:00:00','2019-03-28 00:00:00','VND 5,000,000.00','No',NULL,'2019-04-04 07:04:03','2019-04-04 07:04:03'),(45,'Employee of the Year','2019',0,NULL,'2019-03-26 00:00:00','2019-03-28 00:00:00','VND 5,000,000.00','No',NULL,'2019-04-04 07:04:34','2019-04-04 07:04:34'),(46,'Employee of the Year','2019',0,NULL,'2019-03-26 00:00:00','2019-03-28 00:00:00','VND 5,000,000.00','No',NULL,'2019-04-04 07:06:29','2019-04-04 07:06:29'),(47,'Employee of the Year','2019',0,NULL,'2019-03-26 00:00:00','2019-03-28 00:00:00','VND 5,000,000.00','No',NULL,'2019-04-04 07:07:05','2019-04-04 07:07:05'),(48,'Employee of the Year','2019',0,NULL,'2019-03-26 00:00:00','2019-03-28 00:00:00','VND 5,000,000.00','No',NULL,'2019-04-04 07:07:09','2019-04-04 07:07:09'),(49,'Employee of the Year','2019',0,NULL,'2019-03-26 00:00:00','2019-03-28 00:00:00','VND 5,000,000.00','No',NULL,'2019-04-04 07:07:47','2019-04-04 07:07:47'),(50,'Employee of the Year','2019',0,NULL,'2019-03-26 00:00:00','2019-03-28 00:00:00','VND 5,000,000.00','No',NULL,'2019-04-04 07:09:14','2019-04-04 07:09:14'),(51,'Employee of the Year','2019',0,NULL,'2019-03-26 00:00:00','2019-03-28 00:00:00','VND 5,000,000.00','No',NULL,'2019-04-04 07:10:05','2019-04-04 07:10:05'),(52,'Employee of the Year','2019',0,NULL,'2019-03-26 00:00:00','2019-03-28 00:00:00','VND 5,000,000.00','No',NULL,'2019-04-04 07:10:40','2019-04-04 07:10:40'),(53,'Employee of the Year','2019',0,NULL,'2019-03-26 00:00:00','2019-03-28 00:00:00','VND 5,000,000.00','No',NULL,'2019-04-04 07:11:13','2019-04-04 07:11:13'),(54,'Employee of the Year','2019',0,NULL,'2019-03-26 00:00:00','2019-03-28 00:00:00','VND 5,000,000.00','No',NULL,'2019-04-04 07:11:28','2019-04-04 07:11:28'),(55,'Employee of the Year','2019',0,NULL,'2019-03-26 00:00:00','2019-03-28 00:00:00','VND 5,000,000.00','No',NULL,'2019-04-04 07:13:52','2019-04-04 07:13:52'),(56,'Employee of the Year','2019',0,NULL,'2019-03-26 00:00:00','2019-03-28 00:00:00','VND 5,000,000.00','No',NULL,'2019-04-04 07:14:18','2019-04-04 07:14:18'),(57,'Employee of the Year','2019',0,NULL,'2019-03-26 00:00:00','2019-03-28 00:00:00','VND 5,000,000.00','No',NULL,'2019-04-04 07:15:02','2019-04-04 07:15:02'),(58,'Employee of the Year','2019',0,NULL,'2019-03-26 00:00:00','2019-03-28 00:00:00','VND 5,000,000.00','No',NULL,'2019-04-04 07:15:43','2019-04-04 07:15:43'),(59,'Employee of the Year','2019',0,NULL,'2019-03-26 00:00:00','2019-03-28 00:00:00','VND 5,000,000.00','No',NULL,'2019-04-04 07:15:59','2019-04-04 07:15:59'),(60,'Employee of the Year','2019',0,NULL,'2019-03-26 00:00:00','2019-03-28 00:00:00','VND 5,000,000.00','No',NULL,'2019-04-04 07:17:08','2019-04-04 07:17:08'),(61,'Employee of the Year','2019',0,NULL,'2019-03-26 00:00:00','2019-03-28 00:00:00','VND 5,000,000.00','No',NULL,'2019-04-04 07:20:23','2019-04-04 07:20:23'),(62,'Employee of the Year','2019',0,NULL,'2019-03-26 00:00:00','2019-03-28 00:00:00','VND 5,000,000.00','No',NULL,'2019-04-04 07:22:51','2019-04-04 07:22:51'),(63,'Employee of the Year','2019',0,NULL,'2019-03-26 00:00:00','2019-03-28 00:00:00','VND 5,000,000.00','No',NULL,'2019-04-04 07:27:37','2019-04-04 07:27:37'),(64,'Employee of the Year','2019',0,NULL,'2019-03-26 00:00:00','2019-03-28 00:00:00','VND 5,000,000.00','No',NULL,'2019-04-04 07:28:00','2019-04-04 07:28:00'),(65,'Employee of the Year','2019',0,NULL,'2019-03-26 00:00:00','2019-03-28 00:00:00','VND 5,000,000.00','No',NULL,'2019-04-04 07:30:12','2019-04-04 07:30:12'),(66,'Employee of the Year','2019',0,NULL,'2019-03-26 00:00:00','2019-03-28 00:00:00','VND 5,000,000.00','No',NULL,'2019-04-04 07:31:20','2019-04-04 07:31:20'),(67,'Employee of the Year','2019',0,NULL,'2019-03-26 00:00:00','2019-03-28 00:00:00','VND 5,000,000.00','No',NULL,'2019-04-04 07:33:42','2019-04-04 07:33:42'),(68,'Employee of the Year','2019',0,NULL,'2019-03-26 00:00:00','2019-03-28 00:00:00','VND 5,000,000.00','No',NULL,'2019-04-04 07:33:55','2019-04-04 07:33:55'),(69,'Employee of the Year','2019',0,NULL,'2019-03-26 00:00:00','2019-03-28 00:00:00','VND 5,000,000.00','No',NULL,'2019-04-04 07:34:31','2019-04-04 07:34:31'),(70,'Employee of the Year','2019',0,NULL,'2019-03-26 00:00:00','2019-03-28 00:00:00','VND 5,000,000.00','No',NULL,'2019-04-04 07:34:46','2019-04-04 07:34:46'),(71,'Employee of the Year','2019',0,NULL,'2019-03-26 00:00:00','2019-03-28 00:00:00','VND 5,000,000.00','No',NULL,'2019-04-04 07:35:45','2019-04-04 07:35:45'),(72,'Employee of the Year','2019',0,NULL,'2019-03-26 00:00:00','2019-03-28 00:00:00','VND 5,000,000.00','No',NULL,'2019-04-04 07:37:52','2019-04-04 07:37:52'),(73,'Employee of the Year','2019',0,NULL,'2019-03-26 00:00:00','2019-03-28 00:00:00','VND 5,000,000.00','No',NULL,'2019-04-04 07:38:09','2019-04-04 07:38:09'),(74,'Employee of the Year','2019',0,NULL,'2019-04-05 00:33:42','2019-04-28 00:00:00','VND 5,000,000.00','No',NULL,'2019-04-04 08:53:27','2019-04-04 08:53:27'),(75,'Employee of the Year','2019',0,NULL,'2019-04-05 00:33:42','2019-04-28 00:00:00','VND 5,000,000.00','No',NULL,'2019-04-04 08:54:33','2019-04-04 08:54:33'),(76,'Employee of the Year','2019',0,NULL,'2019-04-05 00:33:42','2019-04-28 00:00:00','VND 5,000,000.00','No',NULL,'2019-04-04 08:55:29','2019-04-04 08:55:29'),(77,'Employee of the Year','2019',0,NULL,'2019-04-05 00:33:42','2019-04-28 00:00:00','VND 5,000,000.00','No',NULL,'2019-04-04 09:29:19','2019-04-04 09:29:19'),(78,'Employee of the Year','2019',0,NULL,'2019-04-05 00:33:42','2019-04-28 00:00:00','VND 5,000,000.00','No',NULL,'2019-04-04 09:29:59','2019-04-04 09:29:59'),(79,'Employee of the Year','2019',0,NULL,'2019-04-05 00:33:42','2019-04-28 00:00:00','VND 5,000,000.00','No',NULL,'2019-04-04 09:35:59','2019-04-04 09:35:59'),(80,'Employee of the Year','2019',0,NULL,'2019-04-05 00:33:42','2019-04-28 00:00:00','VND 5,000,000.00','No',NULL,'2019-04-04 09:36:22','2019-04-04 09:36:22'),(81,'Employee of the Year','2019',0,NULL,'2019-04-05 00:33:42','2019-04-28 00:00:00','VND 5,000,000.00','No',NULL,'2019-04-04 09:37:39','2019-04-04 09:37:39'),(82,'Employee of the Year','2019',0,NULL,'2019-04-05 00:33:42','2019-04-28 00:00:00','VND 5,000,000.00','No',NULL,'2019-04-04 09:38:50','2019-04-04 09:38:50'),(83,'Employee of the Year','2019',0,NULL,'2019-04-05 00:33:42','2019-04-28 00:00:00','VND 5,000,000.00','No',NULL,'2019-04-04 09:42:31','2019-04-04 09:42:31'),(84,'Employee of the Year','2019',0,NULL,'2019-04-05 00:33:42','2019-04-28 00:00:00','VND 5,000,000.00','No',NULL,'2019-04-04 09:54:18','2019-04-04 09:54:18'),(85,'Employee of the Year','2019',0,NULL,'2019-04-05 00:33:42','2019-04-28 00:00:00','VND 5,000,000.00','No',NULL,'2019-04-04 09:56:22','2019-04-04 09:56:22'),(86,'Employee of the Year','2019',0,NULL,'2019-04-05 00:33:42','2019-04-28 00:00:00','VND 5,000,000.00','No',NULL,'2019-04-04 10:08:42','2019-04-04 10:08:42'),(87,'Employee of the Year','2019',0,NULL,'2019-04-05 00:33:42','2019-04-28 00:00:00','VND 5,000,000.00','No',NULL,'2019-04-04 10:09:40','2019-04-04 10:09:40'),(88,'Employee of the Year','2019',1,NULL,'2019-04-05 00:33:42','2019-04-28 00:00:00','VND 5,000,000.00','No',NULL,'2019-04-10 07:46:46','2019-04-10 07:46:46'),(89,'Employee of the Year','2019',1,NULL,'2019-04-05 00:33:42','2019-04-28 00:00:00','VND 5,000,000.00','No',NULL,'2019-04-10 07:59:36','2019-04-10 07:59:36'),(90,'Employee of the Year','2019',1,NULL,'2019-04-05 00:33:42','2019-04-28 00:00:00','VND 5,000,000.00','No',NULL,'2019-04-10 08:00:40','2019-04-10 08:00:40'),(91,'Employee of the Year','2019',1,NULL,'2019-04-05 00:33:42','2019-04-28 00:00:00','VND 5,000,000.00','No',NULL,'2019-04-10 08:01:12','2019-04-10 08:01:12'),(92,'Employee of the Year','2019',1,NULL,'2019-04-05 00:33:42','2019-04-28 00:00:00','VND 5,000,000.00','No',NULL,'2019-04-10 08:01:48','2019-04-10 08:01:48'),(93,'Employee of the Year','2019',1,NULL,'2019-04-05 00:33:42','2019-04-28 00:00:00','VND 5,000,000.00','No',NULL,'2019-04-10 08:06:32','2019-04-10 08:06:32'),(94,'Employee of the Year','2019',1,NULL,'2019-04-05 00:33:42','2019-04-28 00:00:00','VND 5,000,000.00','No',NULL,'2019-04-10 08:07:32','2019-04-10 08:07:32'),(95,'Employee of the Year','2019',1,NULL,'2019-04-05 00:33:42','2019-04-28 00:00:00','VND 5,000,000.00','No',NULL,'2019-04-10 08:08:30','2019-04-10 08:08:30'),(96,'Employee of the Year','2019',1,NULL,'2019-04-05 00:33:42','2019-04-28 00:00:00','VND 5,000,000.00','No',NULL,'2019-04-10 08:11:01','2019-04-10 08:11:01'),(97,'Employee of the Year','2019',1,NULL,'2019-04-05 00:33:42','2019-04-28 00:00:00','VND 5,000,000.00','No',NULL,'2019-04-10 08:17:35','2019-04-10 08:17:35'),(98,'Employee of the Year','2019',1,NULL,'2019-04-05 00:33:42','2019-04-28 00:00:00','VND 5,000,000.00','No',NULL,'2019-04-10 08:21:10','2019-04-10 08:21:10'),(99,'Employee of the Year','2019',1,NULL,'2019-04-05 00:33:42','2019-04-28 00:00:00','VND 5,000,000.00','No',NULL,'2019-04-10 08:23:11','2019-04-10 08:23:11'),(100,'Employee of the Year','2019',1,NULL,'2019-04-05 00:33:42','2019-04-28 00:00:00','VND 5,000,000.00','No',NULL,'2019-04-19 08:57:55','2019-04-19 08:57:55'),(101,'Employee of the Year','2019',1,NULL,'2019-04-05 00:33:42','2019-04-28 00:00:00','VND 5,000,000.00','No',NULL,'2019-04-19 09:03:32','2019-04-19 09:03:32'),(102,'Employee of the Year','2019',1,NULL,'2019-04-05 00:33:42','2019-04-28 00:00:00','VND 5,000,000.00','No',NULL,'2019-04-19 09:05:42','2019-04-19 09:05:42'),(103,'Employee of the Year','2019',1,NULL,'2019-04-05 00:33:42','2019-04-28 00:00:00','VND 5,000,000.00','No',NULL,'2019-04-19 09:06:32','2019-04-19 09:06:32'),(104,'Employee of the Year','2019',1,NULL,'2019-04-05 00:33:42','2019-04-28 00:00:00','VND 5,000,000.00','No',NULL,'2019-04-19 09:55:10','2019-04-19 09:55:10'),(105,'Employee of the Year','2019',1,NULL,'2019-04-05 00:33:42','2019-04-28 00:00:00','VND 5,000,000.00','No',NULL,'2019-04-19 09:55:54','2019-04-19 09:55:54'),(106,'Employee of the Year','2019',1,NULL,'2019-04-05 00:33:42','2019-04-28 00:00:00','VND 5,000,000.00','No',NULL,'2019-04-19 09:56:29','2019-04-19 09:56:29'),(107,'Employee of the Year','2019',1,NULL,'2019-04-05 00:33:42','2019-04-28 00:00:00','VND 5,000,000.00','No',NULL,'2019-04-19 09:57:31','2019-04-19 09:57:31'),(108,'Employee of the Year','2019',1,NULL,'2019-04-05 00:33:42','2019-04-28 00:00:00','VND 5,000,000.00','No',NULL,'2019-04-19 09:57:45','2019-04-19 09:57:45'),(109,'Employee of the Year','2019',1,NULL,'2019-04-05 00:33:42','2019-04-28 00:00:00','VND 5,000,000.00','No',NULL,'2019-04-19 09:57:57','2019-04-19 09:57:57'),(110,'Employee of the Year','2019',1,NULL,'2019-04-05 00:33:42','2019-04-28 00:00:00','VND 5,000,000.00','No',NULL,'2019-04-19 09:58:21','2019-04-19 09:58:21'),(111,'Employee of the Year','2019',1,NULL,'2019-04-05 00:33:42','2019-04-28 00:00:00','VND 5,000,000.00','No',NULL,'2019-04-19 10:03:46','2019-04-19 10:03:46'),(112,'Employee of the Year','2019',1,NULL,'2019-04-05 00:33:42','2019-04-28 00:00:00','VND 5,000,000.00','No',NULL,'2019-04-22 04:49:48','2019-04-22 04:49:48'),(113,'Employee of the Year','2019',1,NULL,'2019-04-05 00:33:42','2019-04-28 00:00:00','VND 5,000,000.00','No',NULL,'2019-04-22 06:23:20','2019-04-22 06:23:20'),(114,'Employee of the Year','2019',1,NULL,'2019-04-05 00:33:42','2019-04-28 00:00:00','VND 5,000,000.00','No',NULL,'2019-04-22 08:55:17','2019-04-22 08:55:17'),(115,'Employee of the Year','2019',1,NULL,'2019-04-05 00:33:42','2019-04-28 00:00:00','VND 5,000,000.00','No',NULL,'2019-04-22 08:59:12','2019-04-22 08:59:12'),(116,'Employee of the Year','2019',1,NULL,'2019-04-05 00:33:42','2019-04-28 00:00:00','VND 5,000,000.00','No',NULL,'2019-04-22 09:00:44','2019-04-22 09:00:44'),(117,'Employee of the Year','2019',1,NULL,'2019-04-05 00:33:42','2019-04-28 00:00:00','VND 5,000,000.00','No',NULL,'2019-04-22 09:37:06','2019-04-22 09:37:06'),(118,'Employee of the Year','2019',1,NULL,'2019-04-05 00:33:42','2019-04-28 00:00:00','VND 5,000,000.00','No',NULL,'2019-04-22 09:39:19','2019-04-22 09:39:19'),(119,'Employee of the Year','2019',1,NULL,'2019-04-05 00:33:42','2019-04-28 00:00:00','VND 5,000,000.00','No',NULL,'2019-04-23 03:28:12','2019-04-23 03:28:12'),(120,'Employee of the Year','2019',1,NULL,'2019-04-05 00:33:42','2019-04-28 00:00:00','VND 5,000,000.00','No',NULL,'2019-04-23 03:28:33','2019-04-23 03:28:33'),(121,'Employee of the Year','2019',1,NULL,'2019-04-05 00:33:42','2019-04-28 00:00:00','VND 5,000,000.00','No',NULL,'2019-04-23 03:38:24','2019-04-23 03:38:24'),(122,'Employee of the Year','2019',1,NULL,'2019-04-05 00:33:42','2019-04-28 00:00:00','VND 5,000,000.00','No',NULL,'2019-04-23 03:40:59','2019-04-23 03:40:59'),(123,'Employee of the Year','2019',1,NULL,'2019-04-05 00:33:42','2019-04-28 00:00:00','VND 5,000,000.00','No',NULL,'2019-04-23 03:41:25','2019-04-23 03:41:25'),(124,'Employee of the Year','2019',1,NULL,'2019-04-05 00:33:42','2019-04-28 00:00:00','VND 5,000,000.00','No',NULL,'2019-04-23 03:48:19','2019-04-23 03:48:19'),(125,'Employee of the Year','2019',1,NULL,'2019-04-05 00:33:42','2019-04-28 00:00:00','VND 5,000,000.00','No',NULL,'2019-04-23 03:52:34','2019-04-23 03:52:34'),(126,'Employee of the Year','2019',1,NULL,'2019-04-05 00:33:42','2019-04-28 00:00:00','VND 5,000,000.00','No',NULL,'2019-04-23 03:53:31','2019-04-23 03:53:31'),(127,'Employee of the Year','2019',1,NULL,'2019-04-05 00:33:42','2019-04-28 00:00:00','VND 5,000,000.00','No',NULL,'2019-04-23 03:54:07','2019-04-23 03:54:07'),(128,'Employee of the Year','2019',1,NULL,'2019-04-05 00:33:42','2019-04-28 00:00:00','VND 5,000,000.00','No',NULL,'2019-04-23 03:56:03','2019-04-23 03:56:03'),(129,'Employee of the Year','2019',1,NULL,'2019-04-05 00:33:42','2019-04-28 00:00:00','VND 5,000,000.00','No',NULL,'2019-04-23 03:57:52','2019-04-23 03:57:52'),(130,'Employee of the Year','2019',1,NULL,'2019-04-05 00:33:42','2019-04-28 00:00:00','VND 5,000,000.00','No',NULL,'2019-04-23 03:59:37','2019-04-23 03:59:37'),(131,'Employee of the Year','2019',1,NULL,'2019-04-05 00:33:42','2019-04-28 00:00:00','VND 5,000,000.00','No',NULL,'2019-04-23 04:20:26','2019-04-23 04:20:26'),(132,'Employee of the Year','2019',1,NULL,'2019-04-05 00:33:42','2019-04-28 00:00:00','VND 5,000,000.00','No',NULL,'2019-04-23 04:21:55','2019-04-23 04:21:55'),(133,'Employee of the Year','2019',1,NULL,'2019-04-05 00:33:42','2019-04-28 00:00:00','VND 5,000,000.00','No',NULL,'2019-04-23 06:49:13','2019-04-23 06:49:13'),(134,'Employee of the Year','2019',1,NULL,'2019-04-05 00:33:42','2019-04-28 00:00:00','VND 5,000,000.00','No',NULL,'2019-04-23 06:50:58','2019-04-23 06:50:58'),(135,'Employee of the Year','2019',1,NULL,'2019-04-05 00:33:42','2019-04-28 00:00:00','VND 5,000,000.00','No',NULL,'2019-04-23 06:51:54','2019-04-23 06:51:54'),(136,'Employee of the Year','2019',1,NULL,'2019-04-05 00:33:42','2019-04-28 00:00:00','VND 5,000,000.00','No',NULL,'2019-04-23 06:54:07','2019-04-23 06:54:07'),(137,'Employee of the Year','2019',1,NULL,'2019-04-05 00:33:42','2019-04-28 00:00:00','VND 5,000,000.00','No',NULL,'2019-04-23 06:54:33','2019-04-23 06:54:33'),(138,'Employee of the Year','2019',1,NULL,'2019-04-05 00:33:42','2019-04-28 00:00:00','VND 5,000,000.00','No',NULL,'2019-04-23 06:57:32','2019-04-23 06:57:32'),(139,'Employee of the Year','2019',1,NULL,'2019-04-05 00:33:42','2019-04-28 00:00:00','VND 5,000,000.00','No',NULL,'2019-04-23 09:00:54','2019-04-23 09:00:54'),(140,'Employee of the Year','2019',1,NULL,'2019-04-05 00:33:42','2019-04-28 00:00:00','VND 5,000,000.00','No',NULL,'2019-04-23 09:02:00','2019-04-23 09:02:00'),(141,'Employee of the Year','2019',1,NULL,'2019-04-05 00:33:42','2019-04-28 00:00:00','VND 5,000,000.00','No',NULL,'2019-04-23 09:07:01','2019-04-23 09:07:01'),(142,'Employee of the Year','2019',1,NULL,'2019-04-05 00:33:42','2019-04-28 00:00:00','VND 5,000,000.00','No',NULL,'2019-04-23 09:07:51','2019-04-23 09:07:51'),(143,'Employee of the Year','2019',1,NULL,'2019-04-05 00:33:42','2019-04-28 00:00:00','VND 5,000,000.00','No',NULL,'2019-04-23 09:08:16','2019-04-23 09:08:16'),(144,'Employee of the Year','2019',1,NULL,'2019-04-05 00:33:42','2019-04-28 00:00:00','VND 5,000,000.00','No',NULL,'2019-04-23 09:09:22','2019-04-23 09:09:22'),(145,'Employee of the Year','2019',1,NULL,'2019-04-05 00:33:42','2019-04-28 00:00:00','VND 5,000,000.00','No',NULL,'2019-04-23 09:09:36','2019-04-23 09:09:36'),(146,'Employee of the Year','2019',1,NULL,'2019-04-05 00:33:42','2019-04-28 00:00:00','VND 5,000,000.00','No',NULL,'2019-04-23 09:10:34','2019-04-23 09:10:34'),(147,'Employee of the Year','2019',1,NULL,'2019-04-05 00:33:42','2019-04-28 00:00:00','VND 5,000,000.00','No',NULL,'2019-04-23 09:10:59','2019-04-23 09:10:59'),(148,'Employee of the Year','2019',1,NULL,'2019-04-05 00:33:42','2019-04-28 00:00:00','VND 5,000,000.00','No',NULL,'2019-04-23 09:12:12','2019-04-23 09:12:12'),(149,'Employee of the Year','2019',1,NULL,'2019-04-05 00:33:42','2019-04-28 00:00:00','VND 5,000,000.00','No',NULL,'2019-04-23 09:12:26','2019-04-23 09:12:26'),(150,'Employee of the Year','2019',1,NULL,'2019-04-05 00:33:42','2019-04-28 00:00:00','VND 5,000,000.00','No',NULL,'2019-04-23 09:12:54','2019-04-23 09:12:54'),(151,'Employee of the Year','2019',1,NULL,'2019-04-05 00:33:42','2019-04-28 00:00:00','VND 5,000,000.00','No',NULL,'2019-04-26 06:42:06','2019-04-26 06:42:06'),(152,'Employee of the Year','2019',1,NULL,'2019-04-05 00:33:42','2019-04-28 00:00:00','VND 5,000,000.00','No',NULL,'2019-04-26 06:42:22','2019-04-26 06:42:22'),(153,'Employee of the Year','2019',1,NULL,'2019-04-05 00:33:42','2019-04-28 00:00:00','VND 5,000,000.00','No',NULL,'2019-04-26 06:42:54','2019-04-26 06:42:54'),(154,'Employee of the Year','2019',1,NULL,'2019-04-05 00:33:42','2019-04-28 00:00:00','VND 5,000,000.00','No',NULL,'2019-04-26 06:43:21','2019-04-26 06:43:21'),(155,'Employee of the Year','2019',1,NULL,'2019-04-05 00:33:42','2019-04-28 00:00:00','VND 5,000,000.00','No',NULL,'2019-04-26 06:46:22','2019-04-26 06:46:22'),(156,'Employee of the Year','2019',1,NULL,'2019-04-05 00:33:42','2019-04-28 00:00:00','VND 5,000,000.00','No',NULL,'2019-04-26 07:06:10','2019-04-26 07:06:10'),(157,'Employee of the Year','2019',1,NULL,'2019-04-05 00:33:42','2019-04-28 00:00:00','VND 5,000,000.00','No',NULL,'2019-04-26 07:07:36','2019-04-26 07:07:36'),(158,'Employee of the Year','2019',1,NULL,'2019-04-05 00:33:42','2019-04-28 00:00:00','VND 5,000,000.00','No',NULL,'2019-04-26 10:03:18','2019-04-26 10:03:18'),(159,'Employee of the Year','2019',1,NULL,'2019-04-05 00:33:42','2019-04-28 00:00:00','VND 5,000,000.00','No',NULL,'2019-04-27 07:04:59','2019-04-27 07:04:59'),(160,'Employee of the Year','2019',1,NULL,'2019-04-05 00:33:42','2019-04-28 00:00:00','VND 5,000,000.00','No',NULL,'2019-04-27 07:15:29','2019-04-27 07:15:29'),(161,'Employee of the Year','2019',1,NULL,'2019-04-05 00:33:42','2019-04-28 00:00:00','VND 5,000,000.00','No',NULL,'2019-04-27 07:15:50','2019-04-27 07:15:50'),(162,'Employee of the Year','2019',1,NULL,'2019-04-05 00:33:42','2019-04-28 00:00:00','VND 5,000,000.00','No',NULL,'2019-04-27 07:27:00','2019-04-27 07:27:00'),(163,'Employee of the Year','2019',1,NULL,'2019-04-05 00:33:42','2019-04-28 00:00:00','VND 5,000,000.00','No',NULL,'2019-04-27 07:51:01','2019-04-27 07:51:01'),(164,'Employee of the Year','2019',1,NULL,'2019-04-05 00:33:42','2019-04-28 00:00:00','VND 5,000,000.00','No',NULL,'2019-04-27 08:12:14','2019-04-27 08:12:14'),(165,'Employee of the Year','2019',1,NULL,'2019-04-05 00:33:42','2019-04-28 00:00:00','VND 5,000,000.00','No',NULL,'2019-04-27 08:15:25','2019-04-27 08:15:25'),(166,'Employee of the Year','2019',1,NULL,'2019-04-05 00:33:42','2019-04-28 00:00:00','VND 5,000,000.00','No',NULL,'2019-04-27 08:25:33','2019-04-27 08:25:33'),(167,'Employee of the Year','2019',1,NULL,'2019-04-05 00:33:42','2019-04-28 00:00:00','VND 5,000,000.00','No',NULL,'2019-04-27 08:25:48','2019-04-27 08:25:48'),(168,'Employee of the Year','2019',1,NULL,'2019-04-05 00:33:42','2019-04-28 00:00:00','VND 5,000,000.00','No',NULL,'2019-04-27 08:26:15','2019-04-27 08:26:15'),(169,'Employee of the Year','2019',1,NULL,'2019-04-05 00:33:42','2019-04-28 00:00:00','VND 5,000,000.00','No',NULL,'2019-04-27 08:36:24','2019-04-27 08:36:24'),(170,'Employee of the Year','2019',1,NULL,'2019-04-05 00:33:42','2019-04-28 00:00:00','VND 5,000,000.00','No',NULL,'2019-04-27 08:39:00','2019-04-27 08:39:00'),(171,'Employee of the Year','2019',1,NULL,'2019-04-05 00:33:42','2019-04-28 00:00:00','VND 5,000,000.00','No',NULL,'2019-04-27 08:45:00','2019-04-27 08:45:00'),(172,'Employee of the Year','2019',1,NULL,'2019-04-05 00:33:42','2019-04-28 00:00:00','VND 5,000,000.00','No',NULL,'2019-04-27 08:45:15','2019-04-27 08:45:15'),(173,'Employee of the Year','2019',1,NULL,'2019-04-05 00:33:42','2019-04-28 00:00:00','VND 5,000,000.00','No',NULL,'2019-04-27 08:45:30','2019-04-27 08:45:30'),(174,'Employee of the Year','2019',1,NULL,'2019-04-05 00:33:42','2019-04-28 00:00:00','VND 5,000,000.00','No',NULL,'2019-04-27 08:49:39','2019-04-27 08:49:39'),(175,'Employee of the Year','2019',1,NULL,'2019-04-05 00:33:42','2019-04-28 00:00:00','VND 5,000,000.00','No',NULL,'2019-04-27 09:07:50','2019-04-27 09:07:50'),(176,'Employee of the Year','2019',1,NULL,'2019-04-05 00:33:42','2019-04-28 00:00:00','VND 5,000,000.00','No',NULL,'2019-04-27 16:04:45','2019-04-27 16:04:45'),(177,'Employee of the Year','2019',1,NULL,'2019-04-05 00:33:42','2019-04-28 00:00:00','VND 5,000,000.00','No',NULL,'2019-04-27 16:05:03','2019-04-27 16:05:03'),(178,'Employee of the Year','2019',1,NULL,'2019-04-05 00:33:42','2019-04-28 00:00:00','VND 5,000,000.00','No',NULL,'2019-04-27 16:05:19','2019-04-27 16:05:19'),(179,'Employee of the Year','2019',1,NULL,'2019-04-05 00:33:42','2019-04-28 00:00:00','VND 5,000,000.00','No',NULL,'2019-04-27 16:05:37','2019-04-27 16:05:37'),(180,'Employee of the Year','2019',1,NULL,'2019-04-05 00:33:42','2019-04-28 00:00:00','VND 5,000,000.00','No',NULL,'2019-04-27 16:05:43','2019-04-27 16:05:43'),(181,'Employee of the Year','2019',1,NULL,'2019-04-05 00:33:42','2019-04-28 00:00:00','VND 5,000,000.00','No',NULL,'2019-04-27 16:06:32','2019-04-27 16:06:32'),(182,'Employee of the Year','2019',1,NULL,'2019-04-05 00:33:42','2019-04-28 00:00:00','VND 5,000,000.00','No',NULL,'2019-04-27 16:09:53','2019-04-27 16:09:53'),(183,'Employee of the Year','2019',1,NULL,'2019-04-05 00:33:42','2019-04-28 00:00:00','VND 5,000,000.00','No',NULL,'2019-04-27 16:17:45','2019-04-27 16:17:45'),(184,'Employee of the Year','2019',1,NULL,'2019-04-05 00:33:42','2019-04-28 00:00:00','VND 5,000,000.00','No',NULL,'2019-04-28 11:32:43','2019-04-28 11:32:43'),(185,'Employee of the Year','2019',1,NULL,'2019-04-05 00:33:42','2019-04-28 00:00:00','VND 5,000,000.00','No',NULL,'2019-04-28 11:32:53','2019-04-28 11:32:53'),(186,'Employee of the Year','2019',1,NULL,'2019-04-05 00:33:42','2019-04-28 00:00:00','VND 5,000,000.00','No',NULL,'2019-04-28 11:58:55','2019-04-28 11:58:55'),(187,'Employee of the Year','2019',1,NULL,'2019-04-05 00:33:42','2019-04-28 00:00:00','VND 5,000,000.00','No',NULL,'2019-04-28 12:04:57','2019-04-28 12:04:57'),(188,'Employee of the Year','2019',1,NULL,'2019-04-05 00:33:42','2019-04-28 00:00:00','VND 5,000,000.00','No',NULL,'2019-04-28 12:05:37','2019-04-28 12:05:37'),(189,'Employee of the Year','2019',1,NULL,'2019-04-05 00:33:42','2019-04-28 00:00:00','VND 5,000,000.00','No',NULL,'2019-04-28 12:05:43','2019-04-28 12:05:43'),(190,'Employee of the Year','2019',1,NULL,'2019-04-05 00:33:42','2019-04-28 00:00:00','VND 5,000,000.00','No',NULL,'2019-04-28 12:05:48','2019-04-28 12:05:48'),(191,'Employee of the Year','2019',1,NULL,'2019-04-05 00:33:42','2019-04-28 00:00:00','VND 5,000,000.00','No',NULL,'2019-04-28 12:11:43','2019-04-28 12:11:43'),(192,'Employee of the Year','2019',1,NULL,'2019-04-05 00:33:42','2019-04-28 00:00:00','VND 5,000,000.00','No',NULL,'2019-04-28 12:24:44','2019-04-28 12:24:44'),(193,'Employee of the Year','2019',1,NULL,'2019-04-05 00:33:42','2019-04-28 00:00:00','VND 5,000,000.00','No',NULL,'2019-04-28 12:24:57','2019-04-28 12:24:57'),(194,'Employee of the Year','2019',1,NULL,'2019-04-05 00:33:42','2019-04-28 00:00:00','VND 5,000,000.00','No',NULL,'2019-04-28 12:25:04','2019-04-28 12:25:04'),(195,'Employee of the Year','2019',1,NULL,'2019-04-05 00:33:42','2019-04-28 00:00:00','VND 5,000,000.00','No',NULL,'2019-04-28 12:26:08','2019-04-28 12:26:08'),(196,'Employee of the Year','2019',1,NULL,'2019-04-05 00:33:42','2019-04-28 00:00:00','VND 5,000,000.00','No',NULL,'2019-04-28 12:28:26','2019-04-28 12:28:26'),(197,'Employee of the Year','2019',1,NULL,'2019-04-05 00:33:42','2019-04-28 00:00:00','VND 5,000,000.00','No',NULL,'2019-04-28 12:32:40','2019-04-28 12:32:40'),(198,'Employee of the Year','2019',1,NULL,'2019-04-05 00:33:42','2019-04-28 00:00:00','VND 5,000,000.00','No',NULL,'2019-04-28 12:33:01','2019-04-28 12:33:01'),(199,'Employee of the Year','2019',1,NULL,'2019-04-05 00:33:42','2019-04-28 00:00:00','VND 5,000,000.00','No',NULL,'2019-04-28 12:33:18','2019-04-28 12:33:18'),(200,'Employee of the Year','2019',1,NULL,'2019-04-05 00:33:42','2019-04-28 00:00:00','VND 5,000,000.00','No',NULL,'2019-04-28 12:36:54','2019-04-28 12:36:54'),(201,'Employee of the Year','2019',1,NULL,'2019-04-05 00:33:42','2019-04-28 00:00:00','VND 5,000,000.00','No',NULL,'2019-04-28 12:39:01','2019-04-28 12:39:01'),(202,'Employee of the Year','2019',1,NULL,'2019-04-05 00:33:42','2019-04-28 00:00:00','VND 5,000,000.00','No',NULL,'2019-04-28 13:05:09','2019-04-28 13:05:09'),(203,'Employee of the Year','2019',1,NULL,'2019-04-05 00:33:42','2019-04-28 00:00:00','VND 5,000,000.00','No',NULL,'2019-04-28 13:18:45','2019-04-28 13:18:45'),(204,'Employee of the Year','2019',1,NULL,'2019-04-05 00:33:42','2019-04-28 00:00:00','VND 5,000,000.00','No',NULL,'2019-04-28 13:21:39','2019-04-28 13:21:39'),(205,'Employee of the Year','2019',1,NULL,'2019-04-05 00:33:42','2019-04-28 00:00:00','VND 5,000,000.00','No',NULL,'2019-04-28 13:21:55','2019-04-28 13:21:55'),(206,'Employee of the Year','2019',1,NULL,'2019-04-05 00:33:42','2019-04-28 00:00:00','VND 5,000,000.00','No',NULL,'2019-04-28 13:22:28','2019-04-28 13:22:28');
/*!40000 ALTER TABLE `awardDetails` ENABLE KEYS */;
UNLOCK TABLES;

--
-- Table structure for table `awardTypes`
--

DROP TABLE IF EXISTS `awardTypes`;
/*!40101 SET @saved_cs_client     = @@character_set_client */;
/*!40101 SET character_set_client = utf8 */;
CREATE TABLE `awardTypes` (
  `id` int(11) NOT NULL AUTO_INCREMENT,
  `name` varchar(45) COLLATE utf8_unicode_ci NOT NULL,
  PRIMARY KEY (`id`)
) ENGINE=InnoDB DEFAULT CHARSET=utf8 COLLATE=utf8_unicode_ci;
/*!40101 SET character_set_client = @saved_cs_client */;

--
-- Dumping data for table `awardTypes`
--

LOCK TABLES `awardTypes` WRITE;
/*!40000 ALTER TABLE `awardTypes` DISABLE KEYS */;
/*!40000 ALTER TABLE `awardTypes` ENABLE KEYS */;
UNLOCK TABLES;

--
-- Table structure for table `finalResults`
--

DROP TABLE IF EXISTS `finalResults`;
/*!40101 SET @saved_cs_client     = @@character_set_client */;
/*!40101 SET character_set_client = utf8 */;
CREATE TABLE `finalResults` (
  `id_award` int(11) NOT NULL,
  `id_winner` int(11) NOT NULL,
  `percent` float NOT NULL,
  PRIMARY KEY (`id_award`),
  KEY `fk_finalResults_votingBreakdowns1_idx` (`id_award`,`id_winner`,`percent`),
  KEY `fk_finalResults_3_idx` (`id_winner`),
  KEY `fk_finalResults_2_idx` (`id_award`,`percent`),
  CONSTRAINT `fk_finalResults_1` FOREIGN KEY (`id_award`) REFERENCES `awardDetails` (`id`) ON DELETE NO ACTION ON UPDATE NO ACTION,
  CONSTRAINT `fk_finalResults_2` FOREIGN KEY (`id_award`) REFERENCES `votingBreakdowns` (`id_award`) ON DELETE NO ACTION ON UPDATE NO ACTION,
  CONSTRAINT `fk_finalResults_3` FOREIGN KEY (`id_winner`) REFERENCES `users` (`id`) ON DELETE NO ACTION ON UPDATE NO ACTION
) ENGINE=InnoDB DEFAULT CHARSET=utf8 COLLATE=utf8_unicode_ci;
/*!40101 SET character_set_client = @saved_cs_client */;

--
-- Dumping data for table `finalResults`
--

LOCK TABLES `finalResults` WRITE;
/*!40000 ALTER TABLE `finalResults` DISABLE KEYS */;
INSERT INTO `finalResults` VALUES (30,6,30);
/*!40000 ALTER TABLE `finalResults` ENABLE KEYS */;
UNLOCK TABLES;

--
-- Table structure for table `nominees`
--

DROP TABLE IF EXISTS `nominees`;
/*!40101 SET @saved_cs_client     = @@character_set_client */;
/*!40101 SET character_set_client = utf8 */;
CREATE TABLE `nominees` (
  `id_award` int(11) NOT NULL,
  `id_team` int(11) NOT NULL,
  `id_nominee` int(11) NOT NULL,
  `updated_at` datetime DEFAULT NULL,
  PRIMARY KEY (`id_award`,`id_team`),
  KEY `fk_awardNominees_awardDetails1_idx` (`id_award`),
  KEY `fk_awardNominees_users1_idx` (`id_nominee`,`id_team`),
  CONSTRAINT `fk_awardNominees_awardDetails1` FOREIGN KEY (`id_award`) REFERENCES `awardDetails` (`id`) ON DELETE NO ACTION ON UPDATE NO ACTION,
  CONSTRAINT `fk_nominees_1` FOREIGN KEY (`id_nominee`) REFERENCES `users` (`id`) ON DELETE NO ACTION ON UPDATE NO ACTION
) ENGINE=InnoDB DEFAULT CHARSET=utf8;
/*!40101 SET character_set_client = @saved_cs_client */;

--
-- Dumping data for table `nominees`
--

LOCK TABLES `nominees` WRITE;
/*!40000 ALTER TABLE `nominees` DISABLE KEYS */;
INSERT INTO `nominees` VALUES (30,2,6,NULL),(31,2,6,NULL),(86,2,6,NULL),(87,2,6,NULL),(88,2,6,NULL),(89,2,6,NULL),(90,2,6,NULL),(91,2,6,NULL),(92,2,6,NULL),(93,2,6,NULL),(94,2,6,NULL),(95,2,6,NULL),(96,2,6,NULL),(97,3,7,'2019-04-10 08:17:35'),(98,1,8,'2019-04-10 08:21:10'),(98,2,6,'2019-04-10 08:21:10'),(98,3,7,'2019-04-10 08:21:10'),(99,1,8,'2019-04-10 08:23:11'),(99,2,6,'2019-04-10 08:23:11'),(99,3,7,'2019-04-10 08:23:11'),(102,1,8,'2019-04-19 09:05:42'),(102,2,6,'2019-04-19 09:05:42'),(102,3,7,'2019-04-19 09:05:42'),(110,1,8,'2019-04-19 09:58:21'),(110,2,6,'2019-04-19 09:58:21'),(110,3,7,'2019-04-19 09:58:21'),(111,1,8,'2019-04-19 10:03:46'),(111,2,6,'2019-04-19 10:03:46'),(111,3,7,'2019-04-19 10:03:46'),(112,1,8,'2019-04-22 04:49:48'),(112,2,6,'2019-04-22 04:49:48'),(112,3,7,'2019-04-22 04:49:48'),(113,1,8,'2019-04-22 06:23:20'),(113,2,6,'2019-04-22 06:23:20'),(113,3,7,'2019-04-22 06:23:20'),(114,1,8,'2019-04-22 08:55:17'),(114,2,6,'2019-04-22 08:55:17'),(114,3,7,'2019-04-22 08:55:17'),(115,1,8,'2019-04-22 08:59:12'),(115,2,6,'2019-04-22 08:59:12'),(115,3,7,'2019-04-22 08:59:12'),(116,1,8,'2019-04-22 09:00:43'),(116,2,6,'2019-04-22 09:00:43'),(116,3,7,'2019-04-22 09:00:43'),(117,1,8,'2019-04-22 09:37:06'),(117,2,6,'2019-04-22 09:37:06'),(117,3,7,'2019-04-22 09:37:06'),(118,1,8,'2019-04-22 09:39:19'),(118,2,6,'2019-04-22 09:39:19'),(118,3,7,'2019-04-22 09:39:19'),(119,1,8,'2019-04-23 03:28:12'),(119,2,6,'2019-04-23 03:28:12'),(119,3,7,'2019-04-23 03:28:12'),(120,1,8,'2019-04-23 03:28:33'),(120,2,6,'2019-04-23 03:28:33'),(120,3,7,'2019-04-23 03:28:33'),(121,1,8,'2019-04-23 03:38:24'),(121,2,6,'2019-04-23 03:38:24'),(121,3,7,'2019-04-23 03:38:24'),(122,1,8,'2019-04-23 03:40:59'),(122,2,6,'2019-04-23 03:40:59'),(122,3,7,'2019-04-23 03:40:59'),(123,1,8,'2019-04-23 03:41:25'),(123,2,6,'2019-04-23 03:41:25'),(123,3,7,'2019-04-23 03:41:25'),(124,1,8,'2019-04-23 03:48:19'),(124,2,6,'2019-04-23 03:48:19'),(124,3,7,'2019-04-23 03:48:19'),(125,1,8,'2019-04-23 03:52:34'),(125,2,6,'2019-04-23 03:52:34'),(125,3,7,'2019-04-23 03:52:34'),(126,1,8,'2019-04-23 03:53:31'),(126,2,6,'2019-04-23 03:53:31'),(126,3,7,'2019-04-23 03:53:31'),(127,1,8,'2019-04-23 03:54:07'),(127,2,6,'2019-04-23 03:54:07'),(127,3,7,'2019-04-23 03:54:07'),(128,1,8,'2019-04-23 03:56:03'),(128,2,6,'2019-04-23 03:56:03'),(128,3,7,'2019-04-23 03:56:03'),(129,1,8,'2019-04-23 03:57:52'),(129,2,6,'2019-04-23 03:57:52'),(129,3,7,'2019-04-23 03:57:52'),(130,1,8,'2019-04-23 03:59:37'),(130,2,6,'2019-04-23 03:59:37'),(130,3,7,'2019-04-23 03:59:37'),(131,1,8,'2019-04-23 04:20:26'),(131,2,6,'2019-04-23 04:20:26'),(131,3,7,'2019-04-23 04:20:26'),(132,1,8,'2019-04-23 04:21:55'),(132,2,6,'2019-04-23 04:21:55'),(132,3,7,'2019-04-23 04:21:55'),(133,1,8,'2019-04-23 06:49:13'),(133,2,6,'2019-04-23 06:49:13'),(133,3,7,'2019-04-23 06:49:13'),(134,1,8,'2019-04-23 06:50:58'),(134,2,6,'2019-04-23 06:50:58'),(134,3,7,'2019-04-23 06:50:58'),(135,1,8,'2019-04-23 06:51:54'),(135,2,6,'2019-04-23 06:51:54'),(135,3,7,'2019-04-23 06:51:54'),(136,1,8,'2019-04-23 06:54:07'),(136,2,6,'2019-04-23 06:54:07'),(136,3,7,'2019-04-23 06:54:07'),(137,1,8,'2019-04-23 06:54:33'),(137,2,6,'2019-04-23 06:54:33'),(137,3,7,'2019-04-23 06:54:33'),(138,1,8,'2019-04-23 06:57:32'),(138,2,6,'2019-04-23 06:57:32'),(138,3,7,'2019-04-23 06:57:32'),(139,1,8,'2019-04-23 09:00:54'),(139,2,6,'2019-04-23 09:00:54'),(139,3,7,'2019-04-23 09:00:54'),(140,1,8,'2019-04-23 09:02:00'),(140,2,6,'2019-04-23 09:02:00'),(140,3,7,'2019-04-23 09:02:00'),(141,1,8,'2019-04-23 09:07:00'),(141,2,6,'2019-04-23 09:07:00'),(141,3,7,'2019-04-23 09:07:00'),(142,1,8,'2019-04-23 09:07:51'),(142,2,6,'2019-04-23 09:07:51'),(142,3,7,'2019-04-23 09:07:51'),(143,1,8,'2019-04-23 09:08:16'),(143,2,6,'2019-04-23 09:08:16'),(143,3,7,'2019-04-23 09:08:16'),(144,1,8,'2019-04-23 09:09:22'),(144,2,6,'2019-04-23 09:09:22'),(144,3,7,'2019-04-23 09:09:22'),(145,1,8,'2019-04-23 09:09:36'),(145,2,6,'2019-04-23 09:09:36'),(145,3,7,'2019-04-23 09:09:36'),(146,1,8,'2019-04-23 09:10:34'),(146,2,6,'2019-04-23 09:10:34'),(146,3,7,'2019-04-23 09:10:34'),(147,1,8,'2019-04-23 09:10:59'),(147,2,6,'2019-04-23 09:10:59'),(147,3,7,'2019-04-23 09:10:59'),(148,1,8,'2019-04-23 09:12:12'),(148,2,6,'2019-04-23 09:12:12'),(148,3,7,'2019-04-23 09:12:12'),(149,1,8,'2019-04-23 09:12:26'),(149,2,6,'2019-04-23 09:12:26'),(149,3,7,'2019-04-23 09:12:26'),(150,1,8,'2019-04-23 09:12:54'),(150,2,6,'2019-04-23 09:12:54'),(150,3,7,'2019-04-23 09:12:54'),(151,1,8,'2019-04-26 06:42:06'),(151,2,6,'2019-04-26 06:42:06'),(151,3,7,'2019-04-26 06:42:06'),(152,1,8,'2019-04-26 06:42:22'),(152,2,6,'2019-04-26 06:42:22'),(152,3,7,'2019-04-26 06:42:22'),(153,1,8,'2019-04-26 06:42:54'),(153,2,6,'2019-04-26 06:42:54'),(153,3,7,'2019-04-26 06:42:54'),(154,1,8,'2019-04-26 06:43:21'),(154,2,6,'2019-04-26 06:43:21'),(154,3,7,'2019-04-26 06:43:21'),(155,1,8,'2019-04-26 06:46:22'),(155,2,6,'2019-04-26 06:46:22'),(155,3,7,'2019-04-26 06:46:22'),(156,1,8,'2019-04-26 07:06:10'),(156,2,6,'2019-04-26 07:06:10'),(156,3,7,'2019-04-26 07:06:10'),(157,1,8,'2019-04-26 07:07:36'),(157,2,6,'2019-04-26 07:07:36'),(157,3,7,'2019-04-26 07:07:36'),(158,1,8,'2019-04-26 10:03:18'),(158,2,6,'2019-04-26 10:03:18'),(158,3,7,'2019-04-26 10:03:18'),(159,1,8,'2019-04-27 07:04:59'),(159,2,6,'2019-04-27 07:04:59'),(159,3,7,'2019-04-27 07:04:59'),(160,1,8,'2019-04-27 07:15:29'),(160,2,6,'2019-04-27 07:15:29'),(160,3,7,'2019-04-27 07:15:29'),(161,1,8,'2019-04-27 07:15:50'),(161,2,6,'2019-04-27 07:15:50'),(161,3,7,'2019-04-27 07:15:50'),(162,1,8,'2019-04-27 07:27:00'),(162,2,6,'2019-04-27 07:27:00'),(162,3,7,'2019-04-27 07:27:00'),(163,1,8,'2019-04-27 07:51:01'),(163,2,6,'2019-04-27 07:51:01'),(163,3,7,'2019-04-27 07:51:01'),(164,1,8,'2019-04-27 08:12:14'),(164,2,6,'2019-04-27 08:12:14'),(164,3,7,'2019-04-27 08:12:14'),(165,1,8,'2019-04-27 08:15:25'),(165,2,6,'2019-04-27 08:15:25'),(165,3,7,'2019-04-27 08:15:25'),(166,1,8,'2019-04-27 08:25:33'),(166,2,6,'2019-04-27 08:25:33'),(166,3,7,'2019-04-27 08:25:33'),(167,1,8,'2019-04-27 08:25:48'),(167,2,6,'2019-04-27 08:25:48'),(167,3,7,'2019-04-27 08:25:48'),(168,1,8,'2019-04-27 08:26:15'),(168,2,6,'2019-04-27 08:26:15'),(168,3,7,'2019-04-27 08:26:15'),(169,1,8,'2019-04-27 08:36:24'),(169,2,6,'2019-04-27 08:36:24'),(169,3,7,'2019-04-27 08:36:24'),(170,1,8,'2019-04-27 08:39:00'),(170,2,6,'2019-04-27 08:39:00'),(170,3,7,'2019-04-27 08:39:00'),(171,1,8,'2019-04-27 08:45:00'),(171,2,6,'2019-04-27 08:45:00'),(171,3,7,'2019-04-27 08:45:00'),(172,1,8,'2019-04-27 08:45:15'),(172,2,6,'2019-04-27 08:45:15'),(172,3,7,'2019-04-27 08:45:15'),(173,1,8,'2019-04-27 08:45:30'),(173,2,6,'2019-04-27 08:45:30'),(173,3,7,'2019-04-27 08:45:30'),(174,1,8,'2019-04-27 08:49:39'),(174,2,6,'2019-04-27 08:49:39'),(174,3,7,'2019-04-27 08:49:39'),(175,1,8,'2019-04-27 09:07:50'),(175,2,6,'2019-04-27 09:07:50'),(175,3,7,'2019-04-27 09:07:50'),(176,1,8,'2019-04-27 16:04:45'),(176,2,6,'2019-04-27 16:04:45'),(176,3,7,'2019-04-27 16:04:45'),(177,1,8,'2019-04-27 16:05:03'),(177,2,6,'2019-04-27 16:05:03'),(177,3,7,'2019-04-27 16:05:03'),(178,1,8,'2019-04-27 16:05:19'),(178,2,6,'2019-04-27 16:05:19'),(178,3,7,'2019-04-27 16:05:19'),(179,1,8,'2019-04-27 16:05:37'),(179,2,6,'2019-04-27 16:05:37'),(179,3,7,'2019-04-27 16:05:37'),(180,1,8,'2019-04-27 16:05:43'),(180,2,6,'2019-04-27 16:05:43'),(180,3,7,'2019-04-27 16:05:43'),(181,1,8,'2019-04-27 16:06:32'),(181,2,6,'2019-04-27 16:06:32'),(181,3,7,'2019-04-27 16:06:32'),(182,1,8,'2019-04-27 16:09:53'),(182,2,6,'2019-04-27 16:09:53'),(182,3,7,'2019-04-27 16:09:53'),(183,1,8,'2019-04-27 16:17:45'),(183,2,6,'2019-04-27 16:17:45'),(183,3,7,'2019-04-27 16:17:45'),(184,1,8,'2019-04-28 11:32:43'),(184,2,6,'2019-04-28 11:32:43'),(184,3,7,'2019-04-28 11:32:43'),(185,1,8,'2019-04-28 11:32:53'),(185,2,6,'2019-04-28 11:32:53'),(185,3,7,'2019-04-28 11:32:53'),(186,1,8,'2019-04-28 11:58:55'),(186,2,6,'2019-04-28 11:58:55'),(186,3,7,'2019-04-28 11:58:55'),(187,1,8,'2019-04-28 12:04:57'),(187,2,6,'2019-04-28 12:04:57'),(187,3,7,'2019-04-28 12:04:57'),(188,1,8,'2019-04-28 12:05:37'),(188,2,6,'2019-04-28 12:05:37'),(188,3,7,'2019-04-28 12:05:37'),(189,1,8,'2019-04-28 12:05:43'),(189,2,6,'2019-04-28 12:05:43'),(189,3,7,'2019-04-28 12:05:43'),(190,1,8,'2019-04-28 12:05:48'),(190,2,6,'2019-04-28 12:05:48'),(190,3,7,'2019-04-28 12:05:48'),(191,1,8,'2019-04-28 12:11:43'),(191,2,6,'2019-04-28 12:11:43'),(191,3,7,'2019-04-28 12:11:43'),(192,1,8,'2019-04-28 12:24:44'),(192,2,6,'2019-04-28 12:24:44'),(192,3,7,'2019-04-28 12:24:44'),(193,1,8,'2019-04-28 12:24:57'),(193,2,6,'2019-04-28 12:24:57'),(193,3,7,'2019-04-28 12:24:57'),(194,1,8,'2019-04-28 12:25:04'),(194,2,6,'2019-04-28 12:25:04'),(194,3,7,'2019-04-28 12:25:04'),(195,1,8,'2019-04-28 12:26:08'),(195,2,6,'2019-04-28 12:26:08'),(195,3,7,'2019-04-28 12:26:08'),(196,1,8,'2019-04-28 12:28:26'),(196,2,6,'2019-04-28 12:28:26'),(196,3,7,'2019-04-28 12:28:26'),(197,1,8,'2019-04-28 12:32:40'),(197,2,6,'2019-04-28 12:32:40'),(197,3,7,'2019-04-28 12:32:40'),(198,1,8,'2019-04-28 12:33:01'),(198,2,6,'2019-04-28 12:33:01'),(198,3,7,'2019-04-28 12:33:01'),(199,1,8,'2019-04-28 12:33:18'),(199,2,6,'2019-04-28 12:33:18'),(199,3,7,'2019-04-28 12:33:18'),(200,1,8,'2019-04-28 12:36:54'),(200,2,6,'2019-04-28 12:36:54'),(200,3,7,'2019-04-28 12:36:54'),(201,1,8,'2019-04-28 12:39:01'),(201,2,6,'2019-04-28 12:39:01'),(201,3,7,'2019-04-28 12:39:01'),(202,1,8,'2019-04-28 13:05:09'),(202,2,6,'2019-04-28 13:05:09'),(202,3,7,'2019-04-28 13:05:09'),(203,1,8,'2019-04-28 13:18:45'),(203,2,6,'2019-04-28 13:18:45'),(203,3,7,'2019-04-28 13:18:45'),(204,1,8,'2019-04-28 13:21:39'),(204,2,6,'2019-04-28 13:21:39'),(204,3,7,'2019-04-28 13:21:39'),(205,1,8,'2019-04-28 13:21:55'),(205,2,6,'2019-04-28 13:21:55'),(205,3,7,'2019-04-28 13:21:55'),(206,1,8,'2019-04-28 13:22:28'),(206,2,6,'2019-04-28 13:22:28'),(206,3,7,'2019-04-28 13:22:28');
/*!40000 ALTER TABLE `nominees` ENABLE KEYS */;
UNLOCK TABLES;

--
-- Table structure for table `roles`
--

DROP TABLE IF EXISTS `roles`;
/*!40101 SET @saved_cs_client     = @@character_set_client */;
/*!40101 SET character_set_client = utf8 */;
CREATE TABLE `roles` (
  `id` int(11) NOT NULL AUTO_INCREMENT,
  `name` varchar(45) CHARACTER SET utf8 NOT NULL,
  PRIMARY KEY (`id`)
) ENGINE=InnoDB AUTO_INCREMENT=4 DEFAULT CHARSET=utf8 COLLATE=utf8_unicode_ci;
/*!40101 SET character_set_client = @saved_cs_client */;

--
-- Dumping data for table `roles`
--

LOCK TABLES `roles` WRITE;
/*!40000 ALTER TABLE `roles` DISABLE KEYS */;
INSERT INTO `roles` VALUES (1,'admin'),(2,'Manager'),(3,'Developer');
/*!40000 ALTER TABLE `roles` ENABLE KEYS */;
UNLOCK TABLES;

--
-- Table structure for table `teams`
--

DROP TABLE IF EXISTS `teams`;
/*!40101 SET @saved_cs_client     = @@character_set_client */;
/*!40101 SET character_set_client = utf8 */;
CREATE TABLE `teams` (
  `id` int(11) NOT NULL AUTO_INCREMENT,
  `name` varchar(45) CHARACTER SET utf8 NOT NULL,
  PRIMARY KEY (`id`)
) ENGINE=InnoDB AUTO_INCREMENT=6 DEFAULT CHARSET=utf8 COLLATE=utf8_unicode_ci;
/*!40101 SET character_set_client = @saved_cs_client */;

--
-- Dumping data for table `teams`
--

LOCK TABLES `teams` WRITE;
/*!40000 ALTER TABLE `teams` DISABLE KEYS */;
INSERT INTO `teams` VALUES (1,'Bootcamp'),(2,'Concord'),(3,'Fox'),(4,'Denton'),(5,'Manager');
/*!40000 ALTER TABLE `teams` ENABLE KEYS */;
UNLOCK TABLES;

--
-- Table structure for table `users`
--

DROP TABLE IF EXISTS `users`;
/*!40101 SET @saved_cs_client     = @@character_set_client */;
/*!40101 SET character_set_client = utf8 */;
CREATE TABLE `users` (
  `id` int(11) NOT NULL AUTO_INCREMENT,
  `id_role` int(11) NOT NULL,
  `id_team` int(11) DEFAULT NULL,
  `is_active` tinyint(1) NOT NULL,
  `username` varchar(45) CHARACTER SET utf8 NOT NULL,
  `password` varchar(60) CHARACTER SET utf8 NOT NULL,
  `first_name` varchar(45) CHARACTER SET utf8 NOT NULL,
  `last_name` varchar(45) CHARACTER SET utf8 NOT NULL,
  `english_name` varchar(45) CHARACTER SET utf8 DEFAULT NULL,
  `email` varchar(45) CHARACTER SET utf8 NOT NULL,
  `phone` varchar(15) CHARACTER SET utf8 DEFAULT NULL,
  `address` varchar(60) CHARACTER SET utf8 DEFAULT NULL,
  `other` varchar(45) CHARACTER SET utf8 DEFAULT NULL,
  `ava_url` varchar(200) CHARACTER SET utf8 DEFAULT NULL,
  `created_at` datetime DEFAULT NULL,
  `updated_at` datetime DEFAULT NULL,
  PRIMARY KEY (`id`),
  KEY `fk_user_1_idx` (`id_team`),
  KEY `fk_users_1_idx` (`id_role`),
  CONSTRAINT `fk_user_1` FOREIGN KEY (`id_team`) REFERENCES `teams` (`id`) ON DELETE NO ACTION ON UPDATE NO ACTION,
  CONSTRAINT `fk_users_1` FOREIGN KEY (`id_role`) REFERENCES `roles` (`id`) ON DELETE NO ACTION ON UPDATE NO ACTION
) ENGINE=InnoDB AUTO_INCREMENT=12 DEFAULT CHARSET=utf8 COLLATE=utf8_unicode_ci;
/*!40101 SET character_set_client = @saved_cs_client */;

--
-- Dumping data for table `users`
--

LOCK TABLES `users` WRITE;
/*!40000 ALTER TABLE `users` DISABLE KEYS */;
INSERT INTO `users` VALUES (1,1,NULL,1,'admin','$2b$10$wfJKbsW2ELRWPNNdRjXJvul5d6SlILIEOj7.jy30f84QYsVVx2qZm','admin','admin','admin','admin@enclave.vn',NULL,NULL,NULL,'uploads/avatars/undefined_2019-04-26T03:22:00.179Z_defaut_ava.jpg','2019-03-28 09:35:08','2019-03-28 09:35:08'),(6,3,2,0,'dinh.le','$2b$10$ymd/UXiW08zCH3D8BJWANeI5ZZkoaWA84CD5VJXbGZV2ujiZxm4hW','Dinh','Q. LE','Roger','roger@enclave.vn','+84917355190','','',NULL,'2019-03-28 09:36:35','2019-04-05 08:09:55'),(7,3,3,1,'dinh.le1','$2b$10$cpS84H8cIybJos5OHys8Eu41YFGq3S22aPRJjcETKZNzYZqb5pq9G','Dinh','Q. LE','Roger','roger@enclave.vn','+84917355190','','','uploads/avatars/dinh.le1_2019-04-09T03:32:37.100Z_img.jpg','2019-03-28 09:40:12','2019-04-05 09:20:31'),(8,3,1,1,'chuc.truong','$2b$10$rOMczNzRykqLnhWzWUodHe.VQfGswLOHsF7Op97t7EpYGj7qCTAnW','Chuc','D. TRUONG','Gray','gray@enclave.vn',NULL,NULL,NULL,NULL,'2019-04-09 02:06:28','2019-04-09 02:06:28'),(9,2,5,1,'duong.nguyen','$2b$10$cNm72rXY8i0m9RxBwgzY8e3UDgDfYDr2k4uvvhUD5PCUmGobnVNfW','Duong','T.A. NGUYEN','Sunny','sunny@enclave.vn',NULL,NULL,NULL,NULL,'2019-04-09 10:00:51','2019-04-09 10:00:51'),(10,3,NULL,1,'nam.nguyen','$2b$10$mWH.GwmIHhrNTorKOlF/iuMgR8fXoW2Av1uURAESjP.Np8cjgagBO','Nam','N. NGUYEN','Nodin','nodin@enclave.vn',NULL,NULL,NULL,NULL,'2019-04-09 10:03:37','2019-04-21 08:33:22'),(11,2,3,1,'khai.le','$2b$10$/w9NnmzKf37RD6ZStMrH9O2Pcb9dPaBdQmzQefBP7xdKxbE5YfqFu','Khai','LE','Marco','marco@enclave.vn',NULL,NULL,NULL,NULL,'2019-04-18 02:32:41','2019-04-18 02:32:41');
/*!40000 ALTER TABLE `users` ENABLE KEYS */;
UNLOCK TABLES;

--
-- Table structure for table `voters`
--

DROP TABLE IF EXISTS `voters`;
/*!40101 SET @saved_cs_client     = @@character_set_client */;
/*!40101 SET character_set_client = utf8 */;
CREATE TABLE `voters` (
  `id_award` int(11) NOT NULL,
  `id_user` int(11) NOT NULL,
  `vote_ability` tinyint(1) NOT NULL,
  `vote_status` tinyint(1) NOT NULL,
  `updated_at` datetime DEFAULT NULL,
  PRIMARY KEY (`id_award`,`id_user`),
  KEY `fk_userAwardVote_users1_idx` (`id_user`),
  KEY `fk_userAwardVote_awardDetails1_idx` (`id_award`),
  CONSTRAINT `fk_userAwardVote_awardDetails1` FOREIGN KEY (`id_award`) REFERENCES `awardDetails` (`id`) ON DELETE NO ACTION ON UPDATE NO ACTION,
  CONSTRAINT `fk_userAwardVote_users1` FOREIGN KEY (`id_user`) REFERENCES `users` (`id`) ON DELETE NO ACTION ON UPDATE NO ACTION
) ENGINE=InnoDB DEFAULT CHARSET=utf8 COLLATE=utf8_unicode_ci;
/*!40101 SET character_set_client = @saved_cs_client */;

--
-- Dumping data for table `voters`
--

LOCK TABLES `voters` WRITE;
/*!40000 ALTER TABLE `voters` DISABLE KEYS */;
INSERT INTO `voters` VALUES (6,1,1,1,NULL),(8,6,1,1,'2019-04-01 10:15:34'),(8,7,1,1,'2019-04-01 10:15:34'),(9,6,1,1,'2019-04-01 10:17:59'),(9,7,1,1,'2019-04-01 10:17:59'),(10,6,1,1,'2019-04-04 02:04:20'),(10,7,1,1,'2019-04-04 02:04:20'),(11,6,1,1,'2019-04-04 02:53:07'),(11,7,1,1,'2019-04-04 02:53:07'),(12,6,1,1,'2019-04-04 03:26:32'),(12,7,1,1,'2019-04-04 03:26:32'),(13,6,1,1,'2019-04-04 03:27:48'),(13,7,1,1,'2019-04-04 03:27:48'),(14,6,1,1,'2019-04-04 03:28:47'),(14,7,1,1,'2019-04-04 03:28:47'),(15,6,1,1,'2019-04-04 03:31:15'),(15,7,1,1,'2019-04-04 03:31:15'),(16,6,1,1,'2019-04-04 03:32:41'),(16,7,1,1,'2019-04-04 03:32:41'),(17,6,1,1,'2019-04-04 04:00:01'),(17,7,1,1,'2019-04-04 04:00:01'),(18,6,1,1,'2019-04-04 04:08:03'),(18,7,1,1,'2019-04-04 04:08:03'),(19,6,1,1,'2019-04-04 04:11:40'),(19,7,1,1,'2019-04-04 04:11:40'),(20,6,1,1,'2019-04-04 04:13:48'),(20,7,1,1,'2019-04-04 04:13:48'),(21,6,1,1,'2019-04-04 04:24:43'),(21,7,1,1,'2019-04-04 04:24:43'),(22,6,1,1,'2019-04-04 04:25:11'),(22,7,1,1,'2019-04-04 04:25:11'),(23,6,1,1,'2019-04-04 04:27:25'),(23,7,1,1,'2019-04-04 04:27:25'),(24,6,1,1,'2019-04-04 04:28:08'),(24,7,1,1,'2019-04-04 04:28:08'),(25,6,1,1,'2019-04-04 04:34:12'),(25,7,1,1,'2019-04-04 04:34:12'),(26,6,1,1,'2019-04-04 06:23:02'),(26,7,1,1,'2019-04-04 06:23:02'),(28,6,1,1,'2019-04-04 06:28:40'),(28,7,1,1,'2019-04-04 06:28:40'),(29,6,1,1,'2019-04-04 06:30:54'),(29,7,1,1,'2019-04-04 06:30:54'),(31,6,1,1,'2019-04-04 06:31:48'),(32,6,1,1,'2019-04-04 06:35:17'),(33,6,1,1,'2019-04-04 06:36:33'),(33,7,1,1,'2019-04-04 06:36:33'),(34,6,1,1,'2019-04-04 06:37:04'),(34,7,1,1,'2019-04-04 06:37:04'),(35,6,1,1,'2019-04-04 06:38:03'),(35,7,1,1,'2019-04-04 06:38:03'),(36,6,1,1,'2019-04-04 06:41:41'),(36,7,1,1,'2019-04-04 06:41:41'),(38,6,1,1,'2019-04-04 06:55:06'),(38,7,1,1,'2019-04-04 06:55:06'),(39,6,1,1,'2019-04-04 06:58:26'),(39,7,1,1,'2019-04-04 06:58:26'),(40,6,1,1,'2019-04-04 06:59:14'),(40,7,1,1,'2019-04-04 06:59:14'),(41,6,1,1,'2019-04-04 07:01:40'),(41,7,1,1,'2019-04-04 07:01:40'),(42,6,1,1,'2019-04-04 07:03:08'),(42,7,1,1,'2019-04-04 07:03:08'),(43,6,1,1,'2019-04-04 07:03:21'),(43,7,1,1,'2019-04-04 07:03:21'),(44,6,1,1,'2019-04-04 07:04:03'),(44,7,1,1,'2019-04-04 07:04:03'),(45,6,1,1,'2019-04-04 07:04:34'),(46,6,1,1,'2019-04-04 07:06:29'),(47,7,1,1,'2019-04-04 07:07:05'),(48,7,1,1,'2019-04-04 07:07:09'),(49,6,1,1,'2019-04-04 07:07:47'),(49,7,1,1,'2019-04-04 07:07:47'),(50,6,1,1,'2019-04-04 07:09:14'),(50,7,1,1,'2019-04-04 07:09:14'),(52,6,1,1,'2019-04-04 07:10:40'),(52,7,1,1,'2019-04-04 07:10:40'),(53,6,1,1,'2019-04-04 07:11:13'),(53,7,1,1,'2019-04-04 07:11:13'),(54,6,1,1,'2019-04-04 07:11:28'),(54,7,1,1,'2019-04-04 07:11:28'),(56,6,1,1,'2019-04-04 07:14:18'),(56,7,1,1,'2019-04-04 07:14:18'),(57,6,1,1,'2019-04-04 07:15:02'),(58,6,1,1,'2019-04-04 07:15:43'),(59,6,1,1,'2019-04-04 07:15:59'),(60,6,1,1,'2019-04-04 07:17:08'),(61,6,1,1,'2019-04-04 07:20:23'),(62,6,1,1,'2019-04-04 07:22:51'),(63,6,1,1,'2019-04-04 07:27:37'),(63,7,1,1,'2019-04-04 07:27:37'),(64,6,1,1,'2019-04-04 07:28:00'),(65,6,1,1,'2019-04-04 07:30:12'),(65,7,1,1,'2019-04-04 07:30:12'),(66,6,1,1,'2019-04-04 07:31:20'),(66,7,1,1,'2019-04-04 07:31:20'),(67,6,1,1,'2019-04-04 07:33:42'),(67,7,1,1,'2019-04-04 07:33:42'),(68,6,1,1,'2019-04-04 07:33:55'),(68,7,1,1,'2019-04-04 07:33:55'),(69,7,1,1,'2019-04-04 07:34:31'),(70,6,1,1,'2019-04-04 07:34:46'),(70,7,1,1,'2019-04-04 07:34:46'),(71,6,1,1,'2019-04-04 07:35:45'),(71,7,1,1,'2019-04-04 07:35:45'),(73,6,1,1,'2019-04-04 07:38:09'),(73,7,1,1,'2019-04-04 07:38:09'),(76,6,1,1,'2019-04-04 08:55:29'),(76,7,1,1,'2019-04-04 08:55:29'),(77,6,1,1,'2019-04-04 09:29:19'),(77,7,1,1,'2019-04-04 09:29:19'),(78,6,1,1,'2019-04-04 09:29:59'),(78,7,1,1,'2019-04-04 09:29:59'),(79,6,1,1,'2019-04-04 09:35:59'),(79,7,1,1,'2019-04-04 09:35:59'),(80,6,1,1,'2019-04-04 09:36:22'),(80,7,1,1,'2019-04-04 09:36:22'),(81,6,1,1,'2019-04-04 09:37:39'),(81,7,1,1,'2019-04-04 09:37:39'),(82,6,1,1,'2019-04-04 09:38:50'),(82,7,1,1,'2019-04-04 09:38:50'),(83,6,1,1,'2019-04-04 09:42:31'),(83,7,1,1,'2019-04-04 09:42:31'),(84,6,1,1,'2019-04-04 09:54:18'),(84,7,1,1,'2019-04-04 09:54:18'),(85,6,1,1,'2019-04-04 09:56:22'),(85,7,1,1,'2019-04-04 09:56:22'),(86,6,1,1,'2019-04-04 10:08:42'),(86,7,1,1,'2019-04-04 10:08:42'),(87,6,1,1,'2019-04-04 10:09:40'),(87,7,1,1,'2019-04-04 10:09:40'),(88,6,1,1,'2019-04-10 07:46:46'),(88,7,1,1,'2019-04-10 07:46:46'),(88,8,1,1,'2019-04-10 07:46:46'),(88,10,1,1,'2019-04-10 07:46:46'),(89,6,1,1,'2019-04-10 07:59:36'),(89,7,1,1,'2019-04-10 07:59:36'),(89,8,1,1,'2019-04-10 07:59:36'),(89,9,1,1,'2019-04-10 07:59:36'),(89,10,1,1,'2019-04-10 07:59:36'),(91,9,1,1,'2019-04-10 08:01:12'),(93,9,1,1,'2019-04-10 08:06:32'),(94,9,1,1,'2019-04-10 08:07:32'),(95,9,1,1,'2019-04-10 08:08:30'),(96,9,1,1,'2019-04-10 08:11:01'),(97,9,1,1,'2019-04-10 08:17:35'),(98,9,1,1,'2019-04-10 08:21:10'),(99,9,1,1,'2019-04-10 08:23:11'),(102,9,1,1,'2019-04-19 09:05:42'),(102,11,1,1,'2019-04-19 09:05:42'),(110,9,1,1,'2019-04-19 09:58:21'),(110,11,1,1,'2019-04-19 09:58:21'),(111,9,1,1,'2019-04-19 10:03:46'),(111,11,1,1,'2019-04-19 10:03:46'),(112,9,1,1,'2019-04-22 04:49:48'),(112,11,1,1,'2019-04-22 04:49:48'),(113,9,1,1,'2019-04-22 06:23:20'),(113,11,1,1,'2019-04-22 06:23:20'),(114,9,1,1,'2019-04-22 08:55:17'),(114,11,1,1,'2019-04-22 08:55:17'),(115,9,1,1,'2019-04-22 08:59:12'),(115,11,1,1,'2019-04-22 08:59:12'),(116,9,1,1,'2019-04-22 09:00:43'),(116,11,1,1,'2019-04-22 09:00:43'),(117,9,1,1,'2019-04-22 09:37:06'),(117,11,1,1,'2019-04-22 09:37:06'),(118,9,1,1,'2019-04-22 09:39:19'),(118,11,1,1,'2019-04-22 09:39:19'),(119,9,1,1,'2019-04-23 03:28:12'),(119,11,1,1,'2019-04-23 03:28:12'),(120,9,1,1,'2019-04-23 03:28:33'),(120,11,1,1,'2019-04-23 03:28:33'),(121,9,1,1,'2019-04-23 03:38:24'),(121,11,1,1,'2019-04-23 03:38:24'),(122,9,1,1,'2019-04-23 03:40:59'),(122,11,1,1,'2019-04-23 03:40:59'),(123,9,1,1,'2019-04-23 03:41:25'),(123,11,1,1,'2019-04-23 03:41:25'),(124,9,1,1,'2019-04-23 03:48:19'),(124,11,1,1,'2019-04-23 03:48:19'),(125,9,1,1,'2019-04-23 03:52:34'),(125,11,1,1,'2019-04-23 03:52:34'),(126,9,1,1,'2019-04-23 03:53:31'),(126,11,1,1,'2019-04-23 03:53:31'),(128,9,1,1,'2019-04-23 03:56:03'),(128,11,1,1,'2019-04-23 03:56:03'),(129,9,1,1,'2019-04-23 03:57:52'),(129,11,1,1,'2019-04-23 03:57:52'),(130,9,1,1,'2019-04-23 03:59:37'),(130,11,1,1,'2019-04-23 03:59:37'),(134,9,1,1,'2019-04-23 06:50:58'),(134,11,1,1,'2019-04-23 06:50:58'),(135,9,1,1,'2019-04-23 06:51:54'),(135,11,1,1,'2019-04-23 06:51:54'),(136,9,1,1,'2019-04-23 06:54:07'),(136,11,1,1,'2019-04-23 06:54:07'),(137,9,1,1,'2019-04-23 06:54:33'),(137,11,1,1,'2019-04-23 06:54:33'),(138,9,1,1,'2019-04-23 06:57:32'),(138,11,1,1,'2019-04-23 06:57:32'),(139,9,1,1,'2019-04-23 09:00:54'),(139,11,1,1,'2019-04-23 09:00:54'),(140,9,1,1,'2019-04-23 09:02:00'),(140,11,1,1,'2019-04-23 09:02:00'),(141,9,1,1,'2019-04-23 09:07:00'),(141,11,1,1,'2019-04-23 09:07:00'),(142,9,1,1,'2019-04-23 09:07:51'),(142,11,1,1,'2019-04-23 09:07:51'),(143,9,1,1,'2019-04-23 09:08:16'),(143,11,1,1,'2019-04-23 09:08:16'),(144,9,1,1,'2019-04-23 09:09:22'),(144,11,1,1,'2019-04-23 09:09:22'),(145,9,1,1,'2019-04-23 09:09:36'),(145,11,1,1,'2019-04-23 09:09:36'),(146,9,1,1,'2019-04-23 09:10:34'),(146,11,1,1,'2019-04-23 09:10:34'),(147,9,1,1,'2019-04-23 09:10:59'),(147,11,1,1,'2019-04-23 09:10:59'),(148,9,1,1,'2019-04-23 09:12:12'),(148,11,1,1,'2019-04-23 09:12:12'),(149,9,1,1,'2019-04-23 09:12:26'),(149,11,1,1,'2019-04-23 09:12:26'),(150,9,1,1,'2019-04-23 09:12:54'),(150,11,1,1,'2019-04-23 09:12:54'),(151,9,1,1,'2019-04-26 06:42:06'),(151,11,1,1,'2019-04-26 06:42:06'),(152,9,1,1,'2019-04-26 06:42:22'),(152,11,1,1,'2019-04-26 06:42:22'),(153,9,1,1,'2019-04-26 06:42:54'),(153,11,1,1,'2019-04-26 06:42:54'),(154,9,1,1,'2019-04-26 06:43:21'),(154,11,1,1,'2019-04-26 06:43:21'),(155,9,1,1,'2019-04-26 06:46:22'),(155,11,1,1,'2019-04-26 06:46:22'),(156,9,1,1,'2019-04-26 07:06:10'),(156,11,1,1,'2019-04-26 07:06:10'),(157,9,1,1,'2019-04-26 07:07:36'),(157,11,1,1,'2019-04-26 07:07:36'),(158,9,1,1,'2019-04-26 10:03:18'),(158,11,1,1,'2019-04-26 10:03:18'),(159,9,1,1,'2019-04-27 07:04:59'),(159,11,1,1,'2019-04-27 07:04:59'),(160,9,1,1,'2019-04-27 07:15:29'),(160,11,1,1,'2019-04-27 07:15:29'),(161,9,1,0,'2019-04-27 07:25:07'),(161,11,1,1,'2019-04-27 07:15:50'),(162,9,1,1,'2019-04-27 07:27:00'),(162,11,1,1,'2019-04-27 07:27:00'),(163,9,1,1,'2019-04-27 08:08:09'),(163,11,1,1,'2019-04-27 07:51:01'),(164,9,1,1,'2019-04-27 08:12:14'),(164,11,1,1,'2019-04-27 08:12:14'),(165,9,1,1,'2019-04-27 08:15:25'),(165,11,1,1,'2019-04-27 08:15:25'),(166,9,1,1,'2019-04-27 08:25:33'),(166,11,1,1,'2019-04-27 08:25:33'),(167,9,1,1,'2019-04-27 08:25:48'),(167,11,1,1,'2019-04-27 08:25:48'),(168,9,1,1,'2019-04-27 08:26:15'),(168,11,1,1,'2019-04-27 08:26:15'),(169,9,1,1,'2019-04-27 08:36:24'),(169,11,1,1,'2019-04-27 08:36:24'),(170,9,1,1,'2019-04-27 08:39:00'),(170,11,1,1,'2019-04-27 08:39:00'),(171,9,1,1,'2019-04-27 08:45:00'),(171,11,1,1,'2019-04-27 08:45:00'),(172,9,1,1,'2019-04-27 08:45:15'),(172,11,1,1,'2019-04-27 08:45:15'),(173,9,1,0,'2019-04-27 08:49:50'),(173,11,1,1,'2019-04-27 08:45:30'),(174,9,1,1,'2019-04-27 08:49:39'),(174,11,1,1,'2019-04-27 08:49:39'),(175,9,1,1,'2019-04-27 09:07:50'),(175,11,1,1,'2019-04-27 09:07:50'),(176,9,1,1,'2019-04-27 16:04:45'),(176,11,1,1,'2019-04-27 16:04:45'),(177,9,1,1,'2019-04-27 16:05:03'),(177,11,1,1,'2019-04-27 16:05:03'),(178,9,1,1,'2019-04-27 16:05:19'),(178,11,1,1,'2019-04-27 16:05:19'),(179,9,1,1,'2019-04-27 16:05:37'),(179,11,1,1,'2019-04-27 16:05:37'),(180,9,1,1,'2019-04-27 16:05:43'),(180,11,1,1,'2019-04-27 16:05:43'),(181,9,1,1,'2019-04-27 16:06:32'),(181,11,1,1,'2019-04-27 16:06:32'),(182,9,1,1,'2019-04-27 16:29:29'),(182,11,1,1,'2019-04-27 16:09:53'),(183,9,1,0,'2019-04-28 11:43:08'),(183,11,1,1,'2019-04-27 16:17:45'),(184,9,1,1,'2019-04-28 11:32:43'),(184,11,1,1,'2019-04-28 11:32:43'),(185,9,1,1,'2019-04-28 11:32:53'),(185,11,1,1,'2019-04-28 11:32:53'),(186,9,1,1,'2019-04-28 11:58:55'),(186,11,1,1,'2019-04-28 11:58:55'),(187,9,1,1,'2019-04-28 12:04:57'),(187,11,1,1,'2019-04-28 12:04:57'),(188,9,1,1,'2019-04-28 12:05:37'),(188,11,1,1,'2019-04-28 12:05:37'),(189,9,1,1,'2019-04-28 12:05:43'),(189,11,1,1,'2019-04-28 12:05:43'),(190,9,1,0,'2019-04-28 12:11:55'),(190,11,1,1,'2019-04-28 12:05:48'),(191,9,1,1,'2019-04-28 12:11:43'),(191,11,1,1,'2019-04-28 12:11:43'),(192,9,1,1,'2019-04-28 12:24:44'),(192,11,1,1,'2019-04-28 12:24:44'),(193,9,1,1,'2019-04-28 12:24:57'),(193,11,1,1,'2019-04-28 12:24:57'),(194,9,1,1,'2019-04-28 12:25:04'),(194,11,1,1,'2019-04-28 12:25:04'),(195,9,1,1,'2019-04-28 12:26:08'),(195,11,1,1,'2019-04-28 12:26:08'),(196,9,1,1,'2019-04-28 12:28:26'),(196,11,1,1,'2019-04-28 12:28:26'),(197,9,1,1,'2019-04-28 12:32:40'),(197,11,1,1,'2019-04-28 12:32:40'),(198,9,1,1,'2019-04-28 12:33:01'),(198,11,1,1,'2019-04-28 12:33:01'),(199,9,1,1,'2019-04-28 12:33:18'),(199,11,1,1,'2019-04-28 12:33:18'),(200,9,1,1,'2019-04-28 12:36:54'),(200,11,1,1,'2019-04-28 12:36:54'),(201,9,1,1,'2019-04-28 12:39:01'),(201,11,1,1,'2019-04-28 12:39:01'),(202,9,1,0,'2019-04-28 13:05:53'),(202,11,1,1,'2019-04-28 13:05:09'),(203,9,1,1,'2019-04-28 13:18:45'),(203,11,1,1,'2019-04-28 13:18:45'),(204,9,1,1,'2019-04-28 13:21:39'),(204,11,1,1,'2019-04-28 13:21:39'),(205,9,1,1,'2019-04-28 13:21:55'),(205,11,1,1,'2019-04-28 13:21:55'),(206,9,1,1,'2019-04-28 13:22:28'),(206,11,1,1,'2019-04-28 13:22:28');
/*!40000 ALTER TABLE `voters` ENABLE KEYS */;
UNLOCK TABLES;

--
-- Table structure for table `votingBreakdowns`
--

DROP TABLE IF EXISTS `votingBreakdowns`;
/*!40101 SET @saved_cs_client     = @@character_set_client */;
/*!40101 SET character_set_client = utf8 */;
CREATE TABLE `votingBreakdowns` (
  `id_award` int(11) NOT NULL,
  `rank` int(11) NOT NULL,
  `id_nominee` int(11) NOT NULL,
  `first_votes` int(11) NOT NULL,
  `second_votes` int(11) NOT NULL,
  `third_votes` int(11) NOT NULL,
  `percent` float NOT NULL,
  `total_points` int(11) NOT NULL,
  PRIMARY KEY (`id_award`,`id_nominee`),
  KEY `fk_votingBreakdowns_2_idx` (`percent`),
  KEY `fk_votingBreakdowns_3_idx` (`percent`),
  KEY `fk_votingBreakdowns_2_idx1` (`id_nominee`),
  CONSTRAINT `fk_votingBreakdowns_1` FOREIGN KEY (`id_award`) REFERENCES `nominees` (`id_award`) ON DELETE NO ACTION ON UPDATE NO ACTION,
  CONSTRAINT `fk_votingBreakdowns_2` FOREIGN KEY (`id_nominee`) REFERENCES `users` (`id`) ON DELETE NO ACTION ON UPDATE NO ACTION
) ENGINE=InnoDB DEFAULT CHARSET=utf8 COLLATE=utf8_unicode_ci;
/*!40101 SET character_set_client = @saved_cs_client */;

--
-- Dumping data for table `votingBreakdowns`
--

LOCK TABLES `votingBreakdowns` WRITE;
/*!40000 ALTER TABLE `votingBreakdowns` DISABLE KEYS */;
INSERT INTO `votingBreakdowns` VALUES (30,1,6,6,6,6,30,72),(30,2,8,5,5,5,20.2,45),(30,3,10,4,4,4,15.8,36);
/*!40000 ALTER TABLE `votingBreakdowns` ENABLE KEYS */;
UNLOCK TABLES;
/*!40103 SET TIME_ZONE=@OLD_TIME_ZONE */;

/*!40101 SET SQL_MODE=@OLD_SQL_MODE */;
/*!40014 SET FOREIGN_KEY_CHECKS=@OLD_FOREIGN_KEY_CHECKS */;
/*!40014 SET UNIQUE_CHECKS=@OLD_UNIQUE_CHECKS */;
/*!40101 SET CHARACTER_SET_CLIENT=@OLD_CHARACTER_SET_CLIENT */;
/*!40101 SET CHARACTER_SET_RESULTS=@OLD_CHARACTER_SET_RESULTS */;
/*!40101 SET COLLATION_CONNECTION=@OLD_COLLATION_CONNECTION */;
/*!40111 SET SQL_NOTES=@OLD_SQL_NOTES */;

-- Dump completed on 2019-04-28 20:39:55
