-- MySQL dump 10.13  Distrib 5.7.26, for Linux (x86_64)
--
-- Host: localhost    Database: voting_project
-- ------------------------------------------------------
-- Server version	5.7.26-0ubuntu0.18.04.1

/*!40101 SET @OLD_CHARACTER_SET_CLIENT=@@CHARACTER_SET_CLIENT */;
/*!40101 SET @OLD_CHARACTER_SET_RESULTS=@@CHARACTER_SET_RESULTS */;
/*!40101 SET @OLD_COLLATION_CONNECTION=@@COLLATION_CONNECTION */;
/*!40101 SET NAMES utf8 */;
/*!40103 SET @OLD_TIME_ZONE=@@TIME_ZONE */;
/*!40103 SET TIME_ZONE='+00:00' */;
/*!40014 SET @OLD_UNIQUE_CHECKS=@@UNIQUE_CHECKS, UNIQUE_CHECKS=0 */;
/*!40014 SET @OLD_FOREIGN_KEY_CHECKS=@@FOREIGN_KEY_CHECKS, FOREIGN_KEY_CHECKS=0 */;
/*!40101 SET @OLD_SQL_MODE=@@SQL_MODE, SQL_MODE='NO_AUTO_VALUE_ON_ZERO' */;
/*!40111 SET @OLD_SQL_NOTES=@@SQL_NOTES, SQL_NOTES=0 */;

--
-- Table structure for table `awardDetails`
--

DROP TABLE IF EXISTS `awardDetails`;
/*!40101 SET @saved_cs_client     = @@character_set_client */;
/*!40101 SET character_set_client = utf8 */;
CREATE TABLE `awardDetails` (
  `id` int(11) NOT NULL AUTO_INCREMENT,
  `type` int(11) NOT NULL,
  `year` varchar(45) COLLATE utf8_unicode_ci NOT NULL,
  `status` tinyint(1) NOT NULL,
  `description` varchar(500) CHARACTER SET utf8 DEFAULT NULL,
  `date_start` datetime NOT NULL,
  `date_end` datetime NOT NULL,
  `prize` varchar(45) COLLATE utf8_unicode_ci NOT NULL,
  `item` varchar(45) CHARACTER SET utf8 DEFAULT NULL,
  `logo_url` varchar(200) COLLATE utf8_unicode_ci DEFAULT NULL,
  `created_at` datetime NOT NULL,
  `updated_at` datetime NOT NULL,
  PRIMARY KEY (`id`,`type`),
  KEY `fk_awardDetails_1_idx` (`type`),
  CONSTRAINT `fk_awardDetails_1` FOREIGN KEY (`type`) REFERENCES `awardTypes` (`id`) ON DELETE NO ACTION ON UPDATE NO ACTION
) ENGINE=InnoDB AUTO_INCREMENT=55 DEFAULT CHARSET=utf8 COLLATE=utf8_unicode_ci;
/*!40101 SET character_set_client = @saved_cs_client */;

--
-- Dumping data for table `awardDetails`
--

LOCK TABLES `awardDetails` WRITE;
/*!40000 ALTER TABLE `awardDetails` DISABLE KEYS */;
INSERT INTO `awardDetails` VALUES (1,1,'2000',1,NULL,'2019-04-05 00:33:42','2019-04-28 00:00:00','VND 5,000,000.00','No',NULL,'2019-05-02 03:08:26','2019-05-02 03:08:26'),(2,1,'2017',1,NULL,'2019-04-05 00:33:42','2019-04-28 00:00:00','VND 5,000,000.00','No',NULL,'2019-05-02 03:15:05','2019-05-02 03:15:05'),(3,1,'2017',1,NULL,'2019-04-05 00:33:42','2019-04-28 00:00:00','VND 5,000,000.00','No',NULL,'2019-05-02 03:21:47','2019-05-02 03:21:47'),(4,1,'2017',1,NULL,'2019-04-05 00:33:42','2019-04-28 00:00:00','VND 5,000,000.00','No',NULL,'2019-05-02 03:22:34','2019-05-02 03:22:34'),(5,1,'2017',1,NULL,'2019-04-05 00:33:42','2019-04-28 00:00:00','VND 5,000,000.00','No',NULL,'2019-05-03 04:50:56','2019-05-03 04:50:56'),(6,1,'2017',1,NULL,'2019-04-05 00:33:42','2019-04-28 00:00:00','VND 5,000,000.00','No',NULL,'2019-05-03 04:52:18','2019-05-03 04:52:18'),(7,1,'2017',1,NULL,'2019-04-05 00:33:42','2019-04-28 00:00:00','VND 5,000,000.00','No',NULL,'2019-05-03 06:16:24','2019-05-03 06:16:24'),(8,1,'2017',1,NULL,'2019-04-05 00:33:42','2019-04-28 00:00:00','VND 5,000,000.00','No',NULL,'2019-05-03 06:17:53','2019-05-03 06:17:53'),(9,1,'2017',1,NULL,'2019-04-05 00:33:42','2019-04-28 00:00:00','VND 5,000,000.00','No',NULL,'2019-05-03 06:19:24','2019-05-03 06:19:24'),(10,1,'2017',1,NULL,'2019-04-05 00:33:42','2019-04-28 00:00:00','VND 5,000,000.00','No',NULL,'2019-05-03 06:20:59','2019-05-03 06:20:59'),(11,1,'2017',1,NULL,'2019-04-05 00:33:42','2019-04-28 00:00:00','VND 5,000,000.00','No',NULL,'2019-05-03 06:21:45','2019-05-03 06:21:45'),(12,1,'2017',1,NULL,'2019-04-05 00:33:42','2019-04-28 00:00:00','VND 5,000,000.00','No',NULL,'2019-05-03 06:31:44','2019-05-03 06:31:44'),(13,1,'2017',1,NULL,'2019-04-05 00:33:42','2019-04-28 00:00:00','VND 5,000,000.00','No',NULL,'2019-05-03 06:34:05','2019-05-03 06:34:05'),(14,1,'2017',1,NULL,'2019-04-05 00:33:42','2019-04-28 00:00:00','VND 5,000,000.00','No',NULL,'2019-05-03 06:34:27','2019-05-03 06:34:27'),(15,1,'2017',1,NULL,'2019-04-05 00:33:42','2019-04-28 00:00:00','VND 5,000,000.00','No',NULL,'2019-05-03 06:36:58','2019-05-03 06:36:58'),(16,1,'2017',1,NULL,'2019-04-05 00:33:42','2019-04-28 00:00:00','VND 5,000,000.00','No',NULL,'2019-05-03 06:38:38','2019-05-03 06:38:38'),(17,1,'2017',1,NULL,'2019-04-05 00:33:42','2019-04-28 00:00:00','VND 5,000,000.00','No',NULL,'2019-05-03 06:40:04','2019-05-03 06:40:04'),(18,1,'2017',1,NULL,'2019-04-05 00:33:42','2019-04-28 00:00:00','VND 5,000,000.00','No',NULL,'2019-05-03 06:41:58','2019-05-03 06:41:58'),(19,1,'2017',1,NULL,'2019-04-05 00:33:42','2019-04-28 00:00:00','VND 5,000,000.00','No',NULL,'2019-05-03 06:42:14','2019-05-03 06:42:14'),(20,1,'2017',1,NULL,'2019-04-05 00:33:42','2019-04-28 00:00:00','VND 5,000,000.00','No',NULL,'2019-05-03 06:44:47','2019-05-03 06:44:47'),(21,1,'2017',1,NULL,'2019-04-05 00:33:42','2019-04-28 00:00:00','VND 5,000,000.00','No',NULL,'2019-05-03 06:45:17','2019-05-03 06:45:17'),(22,1,'2017',1,NULL,'2019-04-05 00:33:42','2019-04-28 00:00:00','VND 5,000,000.00','No',NULL,'2019-05-03 06:48:04','2019-05-03 06:48:04'),(23,1,'2017',1,NULL,'2019-04-05 00:33:42','2019-04-28 00:00:00','VND 5,000,000.00','No',NULL,'2019-05-03 06:49:34','2019-05-03 06:49:34'),(24,1,'2017',1,NULL,'2019-04-05 00:33:42','2019-04-28 00:00:00','VND 5,000,000.00','No',NULL,'2019-05-03 06:49:45','2019-05-03 06:49:45'),(25,1,'2017',1,NULL,'2019-04-05 00:33:42','2019-04-28 00:00:00','VND 5,000,000.00','No',NULL,'2019-05-03 06:52:08','2019-05-03 06:52:08'),(26,1,'2017',1,NULL,'2019-04-05 00:33:42','2019-04-28 00:00:00','VND 5,000,000.00','No',NULL,'2019-05-03 06:52:22','2019-05-03 06:52:22'),(27,1,'2017',1,NULL,'2019-04-05 00:33:42','2019-04-28 00:00:00','VND 5,000,000.00','No',NULL,'2019-05-03 06:53:38','2019-05-03 06:53:38'),(28,1,'2017',1,NULL,'2019-04-05 00:33:42','2019-04-28 00:00:00','VND 5,000,000.00','No',NULL,'2019-05-03 06:59:59','2019-05-03 06:59:59'),(29,1,'2017',1,NULL,'2019-04-05 00:33:42','2019-04-28 00:00:00','VND 5,000,000.00','No',NULL,'2019-05-03 07:01:22','2019-05-03 07:01:22'),(30,1,'2017',1,NULL,'2019-04-05 00:33:42','2019-04-28 00:00:00','VND 5,000,000.00','No',NULL,'2019-05-03 07:03:38','2019-05-03 07:03:38'),(31,1,'2017',1,NULL,'2019-04-05 00:33:42','2019-04-28 00:00:00','VND 5,000,000.00','No',NULL,'2019-05-03 07:06:37','2019-05-03 07:06:37'),(32,1,'2017',1,NULL,'2019-04-05 00:33:42','2019-04-28 00:00:00','VND 5,000,000.00','No',NULL,'2019-05-03 07:11:32','2019-05-03 07:11:32'),(33,1,'2017',1,NULL,'2019-04-05 00:33:42','2019-04-28 00:00:00','VND 5,000,000.00','No',NULL,'2019-05-03 07:11:42','2019-05-03 07:11:42'),(34,1,'2017',1,NULL,'2019-04-05 00:33:42','2019-04-28 00:00:00','VND 5,000,000.00','No',NULL,'2019-05-03 07:11:54','2019-05-03 07:11:54'),(35,1,'2017',1,NULL,'2019-04-05 00:33:42','2019-04-28 00:00:00','VND 5,000,000.00','No',NULL,'2019-05-03 07:13:43','2019-05-03 07:13:43'),(36,1,'2017',1,NULL,'2019-04-05 00:33:42','2019-04-28 00:00:00','VND 5,000,000.00','No',NULL,'2019-05-03 07:13:52','2019-05-03 07:13:52'),(37,1,'2017',1,NULL,'2019-04-05 00:33:42','2019-04-28 00:00:00','VND 5,000,000.00','No',NULL,'2019-05-03 07:14:57','2019-05-03 07:14:57'),(38,1,'2017',1,NULL,'2019-04-05 00:33:42','2019-04-28 00:00:00','VND 5,000,000.00','No',NULL,'2019-05-03 07:16:22','2019-05-03 07:16:22'),(39,1,'2017',1,NULL,'2019-04-05 00:33:42','2019-04-28 00:00:00','VND 5,000,000.00','No',NULL,'2019-05-03 07:18:25','2019-05-03 07:18:25'),(40,1,'2017',1,NULL,'2019-04-05 00:33:42','2019-04-28 00:00:00','VND 5,000,000.00','No',NULL,'2019-05-03 07:21:36','2019-05-03 07:21:36'),(41,1,'2017',1,NULL,'2019-04-05 00:33:42','2019-04-28 00:00:00','VND 5,000,000.00','No',NULL,'2019-05-03 07:21:44','2019-05-03 07:21:44'),(42,1,'2017',1,NULL,'2019-04-05 00:33:42','2019-04-28 00:00:00','VND 5,000,000.00','No',NULL,'2019-05-03 07:33:30','2019-05-03 07:33:30'),(43,1,'2017',1,NULL,'2019-04-05 00:33:42','2019-04-28 00:00:00','VND 5,000,000.00','No',NULL,'2019-05-03 07:33:39','2019-05-03 07:33:39'),(44,1,'2017',1,NULL,'2019-04-05 00:33:42','2019-04-28 00:00:00','VND 5,000,000.00','No',NULL,'2019-05-03 07:39:40','2019-05-03 07:39:40'),(45,1,'2017',1,NULL,'2019-04-05 00:33:42','2019-04-28 00:00:00','VND 5,000,000.00','No',NULL,'2019-05-03 07:40:06','2019-05-03 07:40:06'),(46,1,'2017',1,NULL,'2019-04-05 00:33:42','2019-04-28 00:00:00','VND 5,000,000.00','No',NULL,'2019-05-03 07:42:05','2019-05-03 07:42:05'),(47,1,'2017',1,NULL,'2019-04-05 00:33:42','2019-04-28 00:00:00','VND 5,000,000.00','No',NULL,'2019-05-03 07:43:34','2019-05-03 07:43:34'),(48,1,'2017',1,NULL,'2019-04-05 00:33:42','2019-04-28 00:00:00','VND 5,000,000.00','No',NULL,'2019-05-03 07:44:22','2019-05-03 07:44:22'),(49,1,'2017',1,NULL,'2019-04-05 00:33:42','2019-04-28 00:00:00','VND 5,000,000.00','No',NULL,'2019-05-03 07:44:29','2019-05-03 07:44:29'),(50,1,'2017',1,NULL,'2019-04-05 00:33:42','2019-04-28 00:00:00','VND 5,000,000.00','No',NULL,'2019-05-03 07:44:46','2019-05-03 07:44:46'),(51,1,'2017',1,NULL,'2019-04-05 00:33:42','2019-04-28 00:00:00','VND 5,000,000.00','No',NULL,'2019-05-03 07:46:48','2019-05-03 07:46:48'),(52,1,'2017',1,NULL,'2019-04-05 00:33:42','2019-04-28 00:00:00','VND 5,000,000.00','No',NULL,'2019-05-03 07:47:02','2019-05-03 07:47:02'),(53,1,'2017',1,NULL,'2019-04-05 00:33:42','2019-04-28 00:00:00','VND 5,000,000.00','No',NULL,'2019-05-03 07:47:11','2019-05-03 07:47:11'),(54,1,'2017',1,NULL,'2019-04-05 00:33:42','2019-04-28 00:00:00','VND 5,000,000.00','No',NULL,'2019-05-05 07:50:21','2019-05-05 07:50:21');
/*!40000 ALTER TABLE `awardDetails` ENABLE KEYS */;
UNLOCK TABLES;

--
-- Table structure for table `awardTypes`
--

DROP TABLE IF EXISTS `awardTypes`;
/*!40101 SET @saved_cs_client     = @@character_set_client */;
/*!40101 SET character_set_client = utf8 */;
CREATE TABLE `awardTypes` (
  `id` int(11) NOT NULL AUTO_INCREMENT,
  `name` varchar(45) COLLATE utf8_unicode_ci NOT NULL,
  `created_at` datetime DEFAULT NULL,
  `updated_at` varchar(45) COLLATE utf8_unicode_ci DEFAULT NULL,
  PRIMARY KEY (`id`)
) ENGINE=InnoDB AUTO_INCREMENT=4 DEFAULT CHARSET=utf8 COLLATE=utf8_unicode_ci;
/*!40101 SET character_set_client = @saved_cs_client */;

--
-- Dumping data for table `awardTypes`
--

LOCK TABLES `awardTypes` WRITE;
/*!40000 ALTER TABLE `awardTypes` DISABLE KEYS */;
INSERT INTO `awardTypes` VALUES (1,'Employee of the Year',NULL,NULL),(2,'Rookie of the Year',NULL,NULL),(3,'Manager of the Year',NULL,NULL);
/*!40000 ALTER TABLE `awardTypes` ENABLE KEYS */;
UNLOCK TABLES;

--
-- Table structure for table `finalResults`
--

DROP TABLE IF EXISTS `finalResults`;
/*!40101 SET @saved_cs_client     = @@character_set_client */;
/*!40101 SET character_set_client = utf8 */;
CREATE TABLE `finalResults` (
  `id_award` int(11) NOT NULL,
  `id_winner` int(11) NOT NULL,
  `percent` float NOT NULL,
  PRIMARY KEY (`id_award`),
  KEY `fk_finalResults_votingBreakdowns1_idx` (`id_award`,`id_winner`,`percent`),
  KEY `fk_finalResults_3_idx` (`id_winner`),
  KEY `fk_finalResults_2_idx` (`id_award`,`percent`),
  CONSTRAINT `fk_finalResults_1` FOREIGN KEY (`id_award`) REFERENCES `awardDetails` (`id`) ON DELETE NO ACTION ON UPDATE NO ACTION,
  CONSTRAINT `fk_finalResults_2` FOREIGN KEY (`id_award`) REFERENCES `votingBreakdowns` (`id_award`) ON DELETE NO ACTION ON UPDATE NO ACTION,
  CONSTRAINT `fk_finalResults_3` FOREIGN KEY (`id_winner`) REFERENCES `users` (`id`) ON DELETE NO ACTION ON UPDATE NO ACTION
) ENGINE=InnoDB DEFAULT CHARSET=utf8 COLLATE=utf8_unicode_ci;
/*!40101 SET character_set_client = @saved_cs_client */;

--
-- Dumping data for table `finalResults`
--

LOCK TABLES `finalResults` WRITE;
/*!40000 ALTER TABLE `finalResults` DISABLE KEYS */;
INSERT INTO `finalResults` VALUES (4,6,44.44);
/*!40000 ALTER TABLE `finalResults` ENABLE KEYS */;
UNLOCK TABLES;

--
-- Table structure for table `nominees`
--

DROP TABLE IF EXISTS `nominees`;
/*!40101 SET @saved_cs_client     = @@character_set_client */;
/*!40101 SET character_set_client = utf8 */;
CREATE TABLE `nominees` (
  `id_award` int(11) NOT NULL,
  `id_team` int(11) NOT NULL,
  `id_nominee` int(11) NOT NULL,
  `updated_at` datetime DEFAULT NULL,
  PRIMARY KEY (`id_award`,`id_team`),
  KEY `fk_awardNominees_awardDetails1_idx` (`id_award`),
  KEY `fk_awardNominees_users1_idx` (`id_nominee`,`id_team`),
  CONSTRAINT `fk_nominees_1` FOREIGN KEY (`id_nominee`) REFERENCES `users` (`id`) ON DELETE NO ACTION ON UPDATE NO ACTION,
  CONSTRAINT `fk_nominees_2` FOREIGN KEY (`id_award`) REFERENCES `awardDetails` (`id`) ON DELETE NO ACTION ON UPDATE NO ACTION
) ENGINE=InnoDB DEFAULT CHARSET=utf8;
/*!40101 SET character_set_client = @saved_cs_client */;

--
-- Dumping data for table `nominees`
--

LOCK TABLES `nominees` WRITE;
/*!40000 ALTER TABLE `nominees` DISABLE KEYS */;
INSERT INTO `nominees` VALUES (1,1,8,'2019-05-02 03:08:26'),(1,2,6,'2019-05-02 03:08:26'),(1,3,7,'2019-05-02 03:08:26'),(2,1,8,'2019-05-02 03:15:05'),(2,2,6,'2019-05-02 03:15:05'),(2,3,7,'2019-05-02 03:15:05'),(3,1,8,'2019-05-02 03:21:47'),(3,2,6,'2019-05-02 03:21:47'),(3,3,7,'2019-05-02 03:21:47'),(4,1,8,'2019-05-02 03:22:34'),(4,2,6,'2019-05-02 03:22:34'),(4,3,7,'2019-05-02 03:22:34'),(5,1,8,'2019-05-03 04:50:56'),(5,3,7,'2019-05-03 04:50:56'),(6,1,8,'2019-05-03 04:52:18'),(6,3,7,'2019-05-03 04:52:18'),(7,1,8,'2019-05-03 06:16:24'),(7,3,7,'2019-05-03 06:16:24'),(8,1,8,'2019-05-03 06:17:53'),(8,3,7,'2019-05-03 06:17:53'),(9,1,8,'2019-05-03 06:19:24'),(9,3,7,'2019-05-03 06:19:24'),(10,1,8,'2019-05-03 06:20:59'),(10,3,7,'2019-05-03 06:20:59'),(11,1,8,'2019-05-03 06:21:45'),(11,3,7,'2019-05-03 06:21:45'),(12,1,8,'2019-05-03 06:31:44'),(12,3,7,'2019-05-03 06:31:44'),(13,1,8,'2019-05-03 06:34:05'),(13,3,7,'2019-05-03 06:34:05'),(14,1,8,'2019-05-03 06:34:27'),(14,3,7,'2019-05-03 06:34:27'),(15,1,8,'2019-05-03 06:36:58'),(15,3,7,'2019-05-03 06:36:58'),(16,1,8,'2019-05-03 06:38:38'),(16,3,7,'2019-05-03 06:38:38'),(17,1,8,'2019-05-03 06:40:04'),(17,3,7,'2019-05-03 06:40:04'),(18,1,8,'2019-05-03 06:41:58'),(18,3,7,'2019-05-03 06:41:58'),(19,1,8,'2019-05-03 06:42:14'),(19,3,7,'2019-05-03 06:42:14'),(20,1,8,'2019-05-03 06:44:47'),(20,3,7,'2019-05-03 06:44:47'),(21,1,8,'2019-05-03 06:45:17'),(21,3,7,'2019-05-03 06:45:17'),(22,1,8,'2019-05-03 06:48:04'),(22,3,7,'2019-05-03 06:48:04'),(23,1,8,'2019-05-03 06:49:34'),(23,3,7,'2019-05-03 06:49:34'),(24,1,8,'2019-05-03 06:49:45'),(24,3,7,'2019-05-03 06:49:45'),(25,1,8,'2019-05-03 06:52:08'),(25,3,7,'2019-05-03 06:52:08'),(26,1,8,'2019-05-03 06:52:22'),(26,3,7,'2019-05-03 06:52:22'),(27,1,8,'2019-05-03 06:53:38'),(27,3,7,'2019-05-03 06:53:38'),(28,1,8,'2019-05-03 06:59:59'),(28,3,7,'2019-05-03 06:59:59'),(29,1,8,'2019-05-03 07:01:22'),(29,3,7,'2019-05-03 07:01:22'),(30,1,8,'2019-05-03 07:03:38'),(30,3,7,'2019-05-03 07:03:38'),(31,1,8,'2019-05-03 07:06:37'),(31,3,7,'2019-05-03 07:06:37'),(32,1,8,'2019-05-03 07:11:32'),(32,3,7,'2019-05-03 07:11:32'),(33,1,8,'2019-05-03 07:11:42'),(33,3,7,'2019-05-03 07:11:42'),(34,1,8,'2019-05-03 07:11:54'),(34,3,7,'2019-05-03 07:11:54'),(35,1,8,'2019-05-03 07:13:43'),(35,3,7,'2019-05-03 07:13:43'),(36,1,8,'2019-05-03 07:13:52'),(36,3,7,'2019-05-03 07:13:52'),(37,1,8,'2019-05-03 07:14:57'),(37,3,7,'2019-05-03 07:14:57'),(38,1,8,'2019-05-03 07:16:22'),(38,3,7,'2019-05-03 07:16:22'),(39,1,8,'2019-05-03 07:18:25'),(39,3,7,'2019-05-03 07:18:25'),(40,1,8,'2019-05-03 07:21:36'),(40,3,7,'2019-05-03 07:21:36'),(41,1,8,'2019-05-03 07:21:44'),(41,3,7,'2019-05-03 07:21:44'),(42,1,8,'2019-05-03 07:33:30'),(42,3,7,'2019-05-03 07:33:30'),(43,1,8,'2019-05-03 07:33:39'),(43,3,7,'2019-05-03 07:33:39'),(44,1,8,'2019-05-03 07:39:40'),(44,3,7,'2019-05-03 07:39:40'),(45,1,8,'2019-05-03 07:40:06'),(45,3,7,'2019-05-03 07:40:06'),(46,1,8,'2019-05-03 07:42:05'),(46,3,7,'2019-05-03 07:42:05'),(47,1,8,'2019-05-03 07:43:34'),(47,3,7,'2019-05-03 07:43:34'),(48,1,8,'2019-05-03 07:44:22'),(48,3,7,'2019-05-03 07:44:22'),(49,1,8,'2019-05-03 07:44:29'),(49,3,7,'2019-05-03 07:44:29'),(50,1,8,'2019-05-03 07:44:46'),(50,3,7,'2019-05-03 07:44:46'),(51,1,8,'2019-05-03 07:46:48'),(51,3,7,'2019-05-03 07:46:48'),(52,1,8,'2019-05-03 07:47:02'),(52,3,7,'2019-05-03 07:47:02'),(53,1,8,'2019-05-03 07:47:11'),(53,3,7,'2019-05-03 07:47:11'),(54,1,8,'2019-05-05 07:50:21'),(54,3,7,'2019-05-05 07:50:21');
/*!40000 ALTER TABLE `nominees` ENABLE KEYS */;
UNLOCK TABLES;

--
-- Table structure for table `roles`
--

DROP TABLE IF EXISTS `roles`;
/*!40101 SET @saved_cs_client     = @@character_set_client */;
/*!40101 SET character_set_client = utf8 */;
CREATE TABLE `roles` (
  `id` int(11) NOT NULL AUTO_INCREMENT,
  `name` varchar(45) CHARACTER SET utf8 NOT NULL,
  PRIMARY KEY (`id`)
) ENGINE=InnoDB AUTO_INCREMENT=4 DEFAULT CHARSET=utf8 COLLATE=utf8_unicode_ci;
/*!40101 SET character_set_client = @saved_cs_client */;

--
-- Dumping data for table `roles`
--

LOCK TABLES `roles` WRITE;
/*!40000 ALTER TABLE `roles` DISABLE KEYS */;
INSERT INTO `roles` VALUES (1,'admin'),(2,'Manager'),(3,'Developer');
/*!40000 ALTER TABLE `roles` ENABLE KEYS */;
UNLOCK TABLES;

--
-- Table structure for table `teams`
--

DROP TABLE IF EXISTS `teams`;
/*!40101 SET @saved_cs_client     = @@character_set_client */;
/*!40101 SET character_set_client = utf8 */;
CREATE TABLE `teams` (
  `id` int(11) NOT NULL AUTO_INCREMENT,
  `name` varchar(45) CHARACTER SET utf8 NOT NULL,
  PRIMARY KEY (`id`)
) ENGINE=InnoDB AUTO_INCREMENT=7 DEFAULT CHARSET=utf8 COLLATE=utf8_unicode_ci;
/*!40101 SET character_set_client = @saved_cs_client */;

--
-- Dumping data for table `teams`
--

LOCK TABLES `teams` WRITE;
/*!40000 ALTER TABLE `teams` DISABLE KEYS */;
INSERT INTO `teams` VALUES (1,'Bootcamp'),(2,'Concord'),(3,'Fox'),(4,'Denton'),(5,'Manager'),(99,'No Team');
/*!40000 ALTER TABLE `teams` ENABLE KEYS */;
UNLOCK TABLES;

--
-- Table structure for table `users`
--

DROP TABLE IF EXISTS `users`;
/*!40101 SET @saved_cs_client     = @@character_set_client */;
/*!40101 SET character_set_client = utf8 */;
CREATE TABLE `users` (
  `id` int(11) NOT NULL AUTO_INCREMENT,
  `id_role` int(11) NOT NULL,
  `id_team` int(11) DEFAULT NULL,
  `is_active` tinyint(1) NOT NULL,
  `username` varchar(45) CHARACTER SET utf8 NOT NULL,
  `password` varchar(60) CHARACTER SET utf8 NOT NULL,
  `first_name` varchar(45) CHARACTER SET utf8 NOT NULL,
  `last_name` varchar(45) CHARACTER SET utf8 NOT NULL,
  `english_name` varchar(45) CHARACTER SET utf8 DEFAULT NULL,
  `email` varchar(45) CHARACTER SET utf8 NOT NULL,
  `phone` varchar(15) CHARACTER SET utf8 DEFAULT NULL,
  `address` varchar(60) CHARACTER SET utf8 DEFAULT NULL,
  `other` varchar(45) CHARACTER SET utf8 DEFAULT NULL,
  `ava_url` varchar(200) CHARACTER SET utf8 DEFAULT NULL,
  `created_at` datetime DEFAULT NULL,
  `updated_at` datetime DEFAULT NULL,
  PRIMARY KEY (`id`),
  KEY `fk_user_1_idx` (`id_team`),
  KEY `fk_users_1_idx` (`id_role`),
  CONSTRAINT `fk_user_1` FOREIGN KEY (`id_team`) REFERENCES `teams` (`id`) ON DELETE NO ACTION ON UPDATE NO ACTION,
  CONSTRAINT `fk_users_1` FOREIGN KEY (`id_role`) REFERENCES `roles` (`id`) ON DELETE NO ACTION ON UPDATE NO ACTION
) ENGINE=InnoDB AUTO_INCREMENT=12 DEFAULT CHARSET=utf8 COLLATE=utf8_unicode_ci;
/*!40101 SET character_set_client = @saved_cs_client */;

--
-- Dumping data for table `users`
--

LOCK TABLES `users` WRITE;
/*!40000 ALTER TABLE `users` DISABLE KEYS */;
INSERT INTO `users` VALUES (1,1,NULL,1,'admin','$2b$10$wfJKbsW2ELRWPNNdRjXJvul5d6SlILIEOj7.jy30f84QYsVVx2qZm','admin','admin','admin','admin@enclave.vn',NULL,NULL,NULL,'uploads/avatars/undefined_2019-04-26T03:22:00.179Z_defaut_ava.jpg','2019-03-28 09:35:08','2019-03-28 09:35:08'),(6,3,2,0,'dinh.le','$2b$10$ymd/UXiW08zCH3D8BJWANeI5ZZkoaWA84CD5VJXbGZV2ujiZxm4hW','Dinh','Q. LE','Roger','roger@enclave.vn','+84917355190','','',NULL,'2019-03-28 09:36:35','2019-04-05 08:09:55'),(7,3,3,1,'dinh.le1','$2b$10$cpS84H8cIybJos5OHys8Eu41YFGq3S22aPRJjcETKZNzYZqb5pq9G','Dinh','Q. LE','Roger','roger@enclave.vn','+84917355190','','','uploads/avatars/dinh.le1_2019-04-09T03:32:37.100Z_img.jpg','2019-03-28 09:40:12','2019-04-05 09:20:31'),(8,3,1,1,'chuc.truong','$2b$10$rOMczNzRykqLnhWzWUodHe.VQfGswLOHsF7Op97t7EpYGj7qCTAnW','Chuc','D. TRUONG','Gray','gray@enclave.vn',NULL,NULL,NULL,NULL,'2019-04-09 02:06:28','2019-04-09 02:06:28'),(9,2,5,1,'duong.nguyen','$2b$10$cNm72rXY8i0m9RxBwgzY8e3UDgDfYDr2k4uvvhUD5PCUmGobnVNfW','Duong','T.A. NGUYEN','Sunny','sunny@enclave.vn',NULL,NULL,NULL,'uploads/avatars/undefined_2019-04-28T15:34:50.366Z_businessman.png','2019-04-09 10:00:51','2019-04-09 10:00:51'),(10,3,99,1,'nam.nguyen','$2b$10$mWH.GwmIHhrNTorKOlF/iuMgR8fXoW2Av1uURAESjP.Np8cjgagBO','Nam','N. NGUYEN','Nodin','nodin@enclave.vn',NULL,NULL,NULL,NULL,'2019-04-09 10:03:37','2019-04-21 08:33:22'),(11,2,3,1,'khai.le','$2b$10$/w9NnmzKf37RD6ZStMrH9O2Pcb9dPaBdQmzQefBP7xdKxbE5YfqFu','Khai','LE','Marco','marco@enclave.vn',NULL,NULL,NULL,NULL,'2019-04-18 02:32:41','2019-04-18 02:32:41');
/*!40000 ALTER TABLE `users` ENABLE KEYS */;
UNLOCK TABLES;

--
-- Table structure for table `voters`
--

DROP TABLE IF EXISTS `voters`;
/*!40101 SET @saved_cs_client     = @@character_set_client */;
/*!40101 SET character_set_client = utf8 */;
CREATE TABLE `voters` (
  `id_award` int(11) NOT NULL,
  `id_user` int(11) NOT NULL,
  `vote_status` tinyint(1) NOT NULL,
  `updated_at` datetime DEFAULT NULL,
  PRIMARY KEY (`id_award`,`id_user`),
  KEY `fk_userAwardVote_users1_idx` (`id_user`),
  KEY `fk_userAwardVote_awardDetails1_idx` (`id_award`),
  CONSTRAINT `fk_userAwardVote_users1` FOREIGN KEY (`id_user`) REFERENCES `users` (`id`) ON DELETE NO ACTION ON UPDATE NO ACTION,
  CONSTRAINT `fk_voters_1` FOREIGN KEY (`id_award`) REFERENCES `awardDetails` (`id`) ON DELETE NO ACTION ON UPDATE NO ACTION
) ENGINE=InnoDB DEFAULT CHARSET=utf8 COLLATE=utf8_unicode_ci;
/*!40101 SET character_set_client = @saved_cs_client */;

--
-- Dumping data for table `voters`
--

LOCK TABLES `voters` WRITE;
/*!40000 ALTER TABLE `voters` DISABLE KEYS */;
INSERT INTO `voters` VALUES (1,9,1,'2019-05-02 03:08:26'),(1,11,1,'2019-05-02 03:08:26'),(2,9,0,'2019-05-02 03:20:30'),(2,11,1,'2019-05-02 03:15:05'),(3,9,1,'2019-05-02 03:21:47'),(3,11,1,'2019-05-02 03:21:47'),(4,9,0,'2019-05-02 03:23:31'),(4,11,1,'2019-05-02 03:22:34'),(5,9,1,'2019-05-03 04:50:56'),(5,11,1,'2019-05-03 04:50:56'),(6,9,1,'2019-05-03 04:52:18'),(6,11,1,'2019-05-03 04:52:18'),(7,9,1,'2019-05-03 06:16:24'),(7,11,1,'2019-05-03 06:16:24'),(8,9,1,'2019-05-03 06:17:53'),(8,11,1,'2019-05-03 06:17:53'),(9,9,1,'2019-05-03 06:19:24'),(9,11,1,'2019-05-03 06:19:24'),(10,9,1,'2019-05-03 06:20:59'),(10,11,1,'2019-05-03 06:20:59'),(11,9,1,'2019-05-03 06:21:45'),(11,11,1,'2019-05-03 06:21:45'),(20,9,1,'2019-05-03 06:44:47'),(20,11,1,'2019-05-03 06:44:47'),(21,9,1,'2019-05-03 06:45:17'),(21,11,1,'2019-05-03 06:45:17'),(22,9,1,'2019-05-03 06:48:04'),(22,11,1,'2019-05-03 06:48:04'),(23,9,1,'2019-05-03 06:49:34'),(23,11,1,'2019-05-03 06:49:34'),(24,9,1,'2019-05-03 06:49:45'),(24,11,1,'2019-05-03 06:49:45'),(25,9,1,'2019-05-03 06:52:08'),(25,11,1,'2019-05-03 06:52:08'),(26,9,1,'2019-05-03 06:52:22'),(26,11,1,'2019-05-03 06:52:22'),(27,9,1,'2019-05-03 06:53:38'),(27,11,1,'2019-05-03 06:53:38'),(28,9,1,'2019-05-03 06:59:59'),(28,11,1,'2019-05-03 06:59:59'),(29,9,1,'2019-05-03 07:01:22'),(29,11,1,'2019-05-03 07:01:22'),(30,9,1,'2019-05-03 07:03:38'),(30,11,1,'2019-05-03 07:03:38'),(31,9,1,'2019-05-03 07:06:37'),(31,11,1,'2019-05-03 07:06:37'),(32,9,1,'2019-05-03 07:11:32'),(32,11,1,'2019-05-03 07:11:32'),(33,9,1,'2019-05-03 07:11:42'),(33,11,1,'2019-05-03 07:11:42'),(34,9,1,'2019-05-03 07:11:54'),(34,11,1,'2019-05-03 07:11:54'),(35,9,1,'2019-05-03 07:13:43'),(35,11,1,'2019-05-03 07:13:43'),(36,9,1,'2019-05-03 07:13:52'),(36,11,1,'2019-05-03 07:13:52'),(37,9,1,'2019-05-03 07:14:57'),(37,11,1,'2019-05-03 07:14:57'),(38,9,1,'2019-05-03 07:16:22'),(38,11,1,'2019-05-03 07:16:22'),(39,9,1,'2019-05-03 07:18:25'),(39,11,1,'2019-05-03 07:18:25'),(40,9,1,'2019-05-03 07:21:36'),(40,11,1,'2019-05-03 07:21:36'),(41,9,1,'2019-05-03 07:21:44'),(41,11,1,'2019-05-03 07:21:44'),(42,9,1,'2019-05-03 07:33:30'),(42,11,1,'2019-05-03 07:33:30'),(43,9,1,'2019-05-03 07:33:39'),(43,11,1,'2019-05-03 07:33:39'),(44,9,1,'2019-05-03 07:39:40'),(44,11,1,'2019-05-03 07:39:40'),(45,9,1,'2019-05-03 07:40:06'),(45,11,1,'2019-05-03 07:40:06'),(46,9,1,'2019-05-03 07:42:05'),(46,11,1,'2019-05-03 07:42:05'),(47,9,1,'2019-05-03 07:43:34'),(47,11,1,'2019-05-03 07:43:34'),(48,9,1,'2019-05-03 07:44:22'),(48,11,1,'2019-05-03 07:44:22'),(49,9,1,'2019-05-03 07:44:29'),(49,11,1,'2019-05-03 07:44:29'),(50,9,1,'2019-05-03 07:44:46'),(50,11,1,'2019-05-03 07:44:46'),(51,9,1,'2019-05-03 07:46:48'),(51,11,1,'2019-05-03 07:46:48'),(52,9,1,'2019-05-03 07:47:02'),(52,11,1,'2019-05-03 07:47:02'),(53,9,1,'2019-05-03 07:47:11'),(53,11,1,'2019-05-03 07:47:11');
/*!40000 ALTER TABLE `voters` ENABLE KEYS */;
UNLOCK TABLES;

--
-- Table structure for table `votingBreakdowns`
--

DROP TABLE IF EXISTS `votingBreakdowns`;
/*!40101 SET @saved_cs_client     = @@character_set_client */;
/*!40101 SET character_set_client = utf8 */;
CREATE TABLE `votingBreakdowns` (
  `id_award` int(11) NOT NULL,
  `rank` int(11) NOT NULL,
  `id_nominee` int(11) NOT NULL,
  `first_votes` int(11) NOT NULL,
  `second_votes` int(11) NOT NULL,
  `third_votes` int(11) NOT NULL,
  `percent` float NOT NULL,
  `total_points` int(11) NOT NULL,
  `updated_at` datetime NOT NULL,
  PRIMARY KEY (`id_award`,`id_nominee`),
  KEY `fk_votingBreakdowns_2_idx` (`percent`),
  KEY `fk_votingBreakdowns_3_idx` (`percent`),
  KEY `fk_votingBreakdowns_2_idx1` (`id_nominee`),
  CONSTRAINT `fk_votingBreakdowns_1` FOREIGN KEY (`id_award`) REFERENCES `awardDetails` (`id`) ON DELETE NO ACTION ON UPDATE NO ACTION,
  CONSTRAINT `fk_votingBreakdowns_2` FOREIGN KEY (`id_nominee`) REFERENCES `users` (`id`) ON DELETE NO ACTION ON UPDATE NO ACTION
) ENGINE=InnoDB DEFAULT CHARSET=utf8 COLLATE=utf8_unicode_ci;
/*!40101 SET character_set_client = @saved_cs_client */;

--
-- Dumping data for table `votingBreakdowns`
--

LOCK TABLES `votingBreakdowns` WRITE;
/*!40000 ALTER TABLE `votingBreakdowns` DISABLE KEYS */;
INSERT INTO `votingBreakdowns` VALUES (1,1,6,0,0,0,0,0,'2019-05-02 03:08:26'),(1,3,7,0,0,0,0,0,'2019-05-02 03:08:26'),(1,2,8,0,0,0,0,0,'2019-05-02 03:08:26'),(2,1,6,0,0,0,0,0,'2019-05-02 03:15:05'),(2,3,7,0,0,0,0,0,'2019-05-02 03:15:05'),(2,2,8,0,0,0,0,0,'2019-05-02 03:15:05'),(3,1,6,0,0,0,0,0,'2019-05-02 03:21:47'),(3,3,7,0,0,0,0,0,'2019-05-02 03:21:47'),(3,2,8,0,0,0,0,0,'2019-05-02 03:21:47'),(4,1,6,1,1,0,44.44,8,'2019-05-03 07:56:10'),(4,3,7,0,1,1,22.22,4,'2019-05-03 07:56:10'),(4,2,8,1,0,1,33.33,6,'2019-05-03 07:56:10'),(5,3,7,0,0,0,0,0,'2019-05-03 04:50:56'),(5,2,8,0,0,0,0,0,'2019-05-03 04:50:56'),(6,3,7,0,0,0,0,0,'2019-05-03 04:52:18'),(6,2,8,0,0,0,0,0,'2019-05-03 04:52:18'),(7,3,7,0,0,0,0,0,'2019-05-03 06:16:24'),(7,2,8,0,0,0,0,0,'2019-05-03 06:16:24'),(8,3,7,0,0,0,0,0,'2019-05-03 06:17:53'),(8,2,8,0,0,0,0,0,'2019-05-03 06:17:53'),(9,3,7,0,0,0,0,0,'2019-05-03 06:19:24'),(9,2,8,0,0,0,0,0,'2019-05-03 06:19:24'),(10,3,7,0,0,0,0,0,'2019-05-03 06:20:59'),(10,2,8,0,0,0,0,0,'2019-05-03 06:20:59'),(11,3,7,0,0,0,0,0,'2019-05-03 06:21:45'),(11,2,8,0,0,0,0,0,'2019-05-03 06:21:45'),(12,3,7,0,0,0,0,0,'2019-05-03 06:31:44'),(12,2,8,0,0,0,0,0,'2019-05-03 06:31:44'),(13,3,7,0,0,0,0,0,'2019-05-03 06:34:05'),(13,2,8,0,0,0,0,0,'2019-05-03 06:34:05'),(14,3,7,0,0,0,0,0,'2019-05-03 06:34:27'),(14,2,8,0,0,0,0,0,'2019-05-03 06:34:27'),(15,3,7,0,0,0,0,0,'2019-05-03 06:36:58'),(15,2,8,0,0,0,0,0,'2019-05-03 06:36:58'),(16,3,7,0,0,0,0,0,'2019-05-03 06:38:38'),(16,2,8,0,0,0,0,0,'2019-05-03 06:38:38'),(17,3,7,0,0,0,0,0,'2019-05-03 06:40:04'),(17,2,8,0,0,0,0,0,'2019-05-03 06:40:04'),(18,3,7,0,0,0,0,0,'2019-05-03 06:41:58'),(18,2,8,0,0,0,0,0,'2019-05-03 06:41:58'),(19,3,7,0,0,0,0,0,'2019-05-03 06:42:14'),(19,2,8,0,0,0,0,0,'2019-05-03 06:42:14'),(20,3,7,0,0,0,0,0,'2019-05-03 06:44:47'),(20,2,8,0,0,0,0,0,'2019-05-03 06:44:47'),(21,3,7,0,0,0,0,0,'2019-05-03 06:45:17'),(21,2,8,0,0,0,0,0,'2019-05-03 06:45:17'),(22,3,7,0,0,0,0,0,'2019-05-03 06:48:04'),(22,2,8,0,0,0,0,0,'2019-05-03 06:48:04'),(23,3,7,0,0,0,0,0,'2019-05-03 06:49:34'),(23,2,8,0,0,0,0,0,'2019-05-03 06:49:34'),(24,3,7,0,0,0,0,0,'2019-05-03 06:49:45'),(24,2,8,0,0,0,0,0,'2019-05-03 06:49:45'),(25,3,7,0,0,0,0,0,'2019-05-03 06:52:08'),(25,2,8,0,0,0,0,0,'2019-05-03 06:52:08'),(26,3,7,0,0,0,0,0,'2019-05-03 06:52:22'),(26,2,8,0,0,0,0,0,'2019-05-03 06:52:22'),(27,3,7,0,0,0,0,0,'2019-05-03 06:53:38'),(27,2,8,0,0,0,0,0,'2019-05-03 06:53:38'),(28,3,7,0,0,0,0,0,'2019-05-03 06:59:59'),(28,2,8,0,0,0,0,0,'2019-05-03 06:59:59'),(29,3,7,0,0,0,0,0,'2019-05-03 07:01:22'),(29,2,8,0,0,0,0,0,'2019-05-03 07:01:22'),(30,3,7,0,0,0,0,0,'2019-05-03 07:03:38'),(30,2,8,0,0,0,0,0,'2019-05-03 07:03:38'),(31,3,7,0,0,0,0,0,'2019-05-03 07:06:37'),(31,2,8,0,0,0,0,0,'2019-05-03 07:06:37'),(32,3,7,0,0,0,0,0,'2019-05-03 07:11:32'),(32,2,8,0,0,0,0,0,'2019-05-03 07:11:32'),(33,3,7,0,0,0,0,0,'2019-05-03 07:11:42'),(33,2,8,0,0,0,0,0,'2019-05-03 07:11:42'),(34,3,7,0,0,0,0,0,'2019-05-03 07:11:54'),(34,2,8,0,0,0,0,0,'2019-05-03 07:11:54'),(35,3,7,0,0,0,0,0,'2019-05-03 07:13:43'),(35,2,8,0,0,0,0,0,'2019-05-03 07:13:43'),(36,3,7,0,0,0,0,0,'2019-05-03 07:13:52'),(36,2,8,0,0,0,0,0,'2019-05-03 07:13:52'),(37,3,7,0,0,0,0,0,'2019-05-03 07:14:57'),(37,2,8,0,0,0,0,0,'2019-05-03 07:14:57'),(38,3,7,0,0,0,0,0,'2019-05-03 07:16:22'),(38,2,8,0,0,0,0,0,'2019-05-03 07:16:22'),(39,3,7,0,0,0,0,0,'2019-05-03 07:18:25'),(39,2,8,0,0,0,0,0,'2019-05-03 07:18:25'),(40,3,7,0,0,0,0,0,'2019-05-03 07:21:36'),(40,2,8,0,0,0,0,0,'2019-05-03 07:21:36'),(41,3,7,0,0,0,0,0,'2019-05-03 07:21:44'),(41,2,8,0,0,0,0,0,'2019-05-03 07:21:44'),(42,3,7,0,0,0,0,0,'2019-05-03 07:33:30'),(42,2,8,0,0,0,0,0,'2019-05-03 07:33:30'),(43,3,7,0,0,0,0,0,'2019-05-03 07:33:39'),(43,2,8,0,0,0,0,0,'2019-05-03 07:33:39'),(44,3,7,0,0,0,0,0,'2019-05-03 07:39:40'),(44,2,8,0,0,0,0,0,'2019-05-03 07:39:40'),(45,3,7,0,0,0,0,0,'2019-05-03 07:40:06'),(45,2,8,0,0,0,0,0,'2019-05-03 07:40:06'),(46,3,7,0,0,0,0,0,'2019-05-03 07:42:05'),(46,2,8,0,0,0,0,0,'2019-05-03 07:42:05'),(47,3,7,0,0,0,0,0,'2019-05-03 07:43:34'),(47,2,8,0,0,0,0,0,'2019-05-03 07:43:34'),(48,3,7,0,0,0,0,0,'2019-05-03 07:44:22'),(48,2,8,0,0,0,0,0,'2019-05-03 07:44:22'),(49,3,7,0,0,0,0,0,'2019-05-03 07:44:29'),(49,2,8,0,0,0,0,0,'2019-05-03 07:44:29'),(50,3,7,0,0,0,0,0,'2019-05-03 07:44:46'),(50,2,8,0,0,0,0,0,'2019-05-03 07:44:46'),(51,3,7,0,0,0,0,0,'2019-05-03 07:46:48'),(51,2,8,0,0,0,0,0,'2019-05-03 07:46:48'),(52,3,7,0,0,0,0,0,'2019-05-03 07:47:02'),(52,2,8,0,0,0,0,0,'2019-05-03 07:47:02'),(53,3,7,0,0,0,0,0,'2019-05-03 07:47:11'),(53,2,8,0,0,0,0,0,'2019-05-03 07:47:11'),(54,1,7,0,0,0,0,0,'2019-05-05 07:50:21'),(54,1,8,0,0,0,0,0,'2019-05-05 07:50:21');
/*!40000 ALTER TABLE `votingBreakdowns` ENABLE KEYS */;
UNLOCK TABLES;
/*!40103 SET TIME_ZONE=@OLD_TIME_ZONE */;

/*!40101 SET SQL_MODE=@OLD_SQL_MODE */;
/*!40014 SET FOREIGN_KEY_CHECKS=@OLD_FOREIGN_KEY_CHECKS */;
/*!40014 SET UNIQUE_CHECKS=@OLD_UNIQUE_CHECKS */;
/*!40101 SET CHARACTER_SET_CLIENT=@OLD_CHARACTER_SET_CLIENT */;
/*!40101 SET CHARACTER_SET_RESULTS=@OLD_CHARACTER_SET_RESULTS */;
/*!40101 SET COLLATION_CONNECTION=@OLD_COLLATION_CONNECTION */;
/*!40111 SET SQL_NOTES=@OLD_SQL_NOTES */;

-- Dump completed on 2019-05-05 15:29:07
