-- MySQL dump 10.13  Distrib 5.7.26, for Linux (x86_64)
--
-- Host: localhost    Database: voting_project
-- ------------------------------------------------------
-- Server version	5.7.26-0ubuntu0.18.04.1

/*!40101 SET @OLD_CHARACTER_SET_CLIENT=@@CHARACTER_SET_CLIENT */;
/*!40101 SET @OLD_CHARACTER_SET_RESULTS=@@CHARACTER_SET_RESULTS */;
/*!40101 SET @OLD_COLLATION_CONNECTION=@@COLLATION_CONNECTION */;
/*!40101 SET NAMES utf8 */;
/*!40103 SET @OLD_TIME_ZONE=@@TIME_ZONE */;
/*!40103 SET TIME_ZONE='+00:00' */;
/*!40014 SET @OLD_UNIQUE_CHECKS=@@UNIQUE_CHECKS, UNIQUE_CHECKS=0 */;
/*!40014 SET @OLD_FOREIGN_KEY_CHECKS=@@FOREIGN_KEY_CHECKS, FOREIGN_KEY_CHECKS=0 */;
/*!40101 SET @OLD_SQL_MODE=@@SQL_MODE, SQL_MODE='NO_AUTO_VALUE_ON_ZERO' */;
/*!40111 SET @OLD_SQL_NOTES=@@SQL_NOTES, SQL_NOTES=0 */;

--
-- Table structure for table `awardDetails`
--

DROP TABLE IF EXISTS `awardDetails`;
/*!40101 SET @saved_cs_client     = @@character_set_client */;
/*!40101 SET character_set_client = utf8 */;
CREATE TABLE `awardDetails` (
  `id` int(11) NOT NULL AUTO_INCREMENT,
  `type` int(11) NOT NULL,
  `year` varchar(45) COLLATE utf8_unicode_ci NOT NULL,
  `status` tinyint(1) NOT NULL,
  `description` varchar(500) CHARACTER SET utf8 DEFAULT NULL,
  `date_start` datetime NOT NULL,
  `date_end` datetime NOT NULL,
  `prize` varchar(45) COLLATE utf8_unicode_ci NOT NULL,
  `item` varchar(45) CHARACTER SET utf8 DEFAULT NULL,
  `logo_url` varchar(200) COLLATE utf8_unicode_ci DEFAULT NULL,
  `created_at` datetime NOT NULL,
  `updated_at` datetime NOT NULL,
  PRIMARY KEY (`id`,`type`),
  KEY `fk_awardDetails_1_idx` (`type`),
  CONSTRAINT `fk_awardDetails_1` FOREIGN KEY (`type`) REFERENCES `awardTypes` (`id`) ON DELETE NO ACTION ON UPDATE NO ACTION
) ENGINE=InnoDB AUTO_INCREMENT=88 DEFAULT CHARSET=utf8 COLLATE=utf8_unicode_ci;
/*!40101 SET character_set_client = @saved_cs_client */;

--
-- Dumping data for table `awardDetails`
--

LOCK TABLES `awardDetails` WRITE;
/*!40000 ALTER TABLE `awardDetails` DISABLE KEYS */;
INSERT INTO `awardDetails` VALUES (1,1,'2000',0,NULL,'2019-04-05 00:33:42','2019-04-28 00:00:00','VND 5,000,000.00','No',NULL,'2019-05-02 03:08:26','2019-05-08 03:12:39'),(2,1,'2017',0,NULL,'2019-04-05 00:33:42','2019-04-28 00:00:00','VND 5,000,000.00','No',NULL,'2019-05-02 03:15:05','2019-05-08 03:12:39'),(3,1,'2017',0,NULL,'2019-04-05 00:33:42','2019-04-28 00:00:00','VND 5,000,000.00','No',NULL,'2019-05-02 03:21:47','2019-05-08 03:12:39'),(4,1,'2017',0,NULL,'2019-04-05 00:33:42','2019-04-28 00:00:00','VND 5,000,000.00','No',NULL,'2019-05-02 03:22:34','2019-05-08 03:12:39'),(5,1,'2017',0,NULL,'2019-04-05 00:33:42','2019-04-28 00:00:00','VND 5,000,000.00','No',NULL,'2019-05-03 04:50:56','2019-05-08 03:12:39'),(6,1,'2017',0,NULL,'2019-04-05 00:33:42','2019-04-28 00:00:00','VND 5,000,000.00','No',NULL,'2019-05-03 04:52:18','2019-05-08 03:12:39'),(7,1,'2017',0,NULL,'2019-04-05 00:33:42','2019-04-28 00:00:00','VND 5,000,000.00','No',NULL,'2019-05-03 06:16:24','2019-05-08 03:12:39'),(8,1,'2017',0,NULL,'2019-04-05 00:33:42','2019-04-28 00:00:00','VND 5,000,000.00','No',NULL,'2019-05-03 06:17:53','2019-05-08 03:12:39'),(9,1,'2017',0,NULL,'2019-04-05 00:33:42','2019-04-28 00:00:00','VND 5,000,000.00','No',NULL,'2019-05-03 06:19:24','2019-05-08 03:12:39'),(10,1,'2017',0,NULL,'2019-04-05 00:33:42','2019-04-28 00:00:00','VND 5,000,000.00','No',NULL,'2019-05-03 06:20:59','2019-05-08 03:12:39'),(11,1,'2017',0,NULL,'2019-04-05 00:33:42','2019-04-28 00:00:00','VND 5,000,000.00','No',NULL,'2019-05-03 06:21:45','2019-05-08 03:12:39'),(12,1,'2017',0,NULL,'2019-04-05 00:33:42','2019-04-28 00:00:00','VND 5,000,000.00','No',NULL,'2019-05-03 06:31:44','2019-05-08 03:12:39'),(13,1,'2017',0,NULL,'2019-04-05 00:33:42','2019-04-28 00:00:00','VND 5,000,000.00','No',NULL,'2019-05-03 06:34:05','2019-05-08 03:12:39'),(14,1,'2017',0,NULL,'2019-04-05 00:33:42','2019-04-28 00:00:00','VND 5,000,000.00','No',NULL,'2019-05-03 06:34:27','2019-05-08 03:12:39'),(15,1,'2017',0,NULL,'2019-04-05 00:33:42','2019-04-28 00:00:00','VND 5,000,000.00','No',NULL,'2019-05-03 06:36:58','2019-05-08 03:12:39'),(16,1,'2017',0,NULL,'2019-04-05 00:33:42','2019-04-28 00:00:00','VND 5,000,000.00','No',NULL,'2019-05-03 06:38:38','2019-05-08 03:12:39'),(17,1,'2017',0,NULL,'2019-04-05 00:33:42','2019-04-28 00:00:00','VND 5,000,000.00','No',NULL,'2019-05-03 06:40:04','2019-05-08 03:12:39'),(18,1,'2017',0,NULL,'2019-04-05 00:33:42','2019-04-28 00:00:00','VND 5,000,000.00','No',NULL,'2019-05-03 06:41:58','2019-05-08 03:12:39'),(19,1,'2017',0,NULL,'2019-04-05 00:33:42','2019-04-28 00:00:00','VND 5,000,000.00','No',NULL,'2019-05-03 06:42:14','2019-05-08 03:12:39'),(20,1,'2017',0,NULL,'2019-04-05 00:33:42','2019-04-28 00:00:00','VND 5,000,000.00','No',NULL,'2019-05-03 06:44:47','2019-05-08 03:12:39'),(21,1,'2017',0,NULL,'2019-04-05 00:33:42','2019-04-28 00:00:00','VND 5,000,000.00','No',NULL,'2019-05-03 06:45:17','2019-05-08 03:12:39'),(22,1,'2017',0,NULL,'2019-04-05 00:33:42','2019-04-28 00:00:00','VND 5,000,000.00','No',NULL,'2019-05-03 06:48:04','2019-05-08 03:12:39'),(23,1,'2017',0,NULL,'2019-04-05 00:33:42','2019-04-28 00:00:00','VND 5,000,000.00','No',NULL,'2019-05-03 06:49:34','2019-05-08 03:12:39'),(24,1,'2017',0,NULL,'2019-04-05 00:33:42','2019-04-28 00:00:00','VND 5,000,000.00','No',NULL,'2019-05-03 06:49:45','2019-05-08 03:12:39'),(25,1,'2017',0,NULL,'2019-04-05 00:33:42','2019-04-28 00:00:00','VND 5,000,000.00','No',NULL,'2019-05-03 06:52:08','2019-05-08 03:12:39'),(26,1,'2017',0,NULL,'2019-04-05 00:33:42','2019-04-28 00:00:00','VND 5,000,000.00','No',NULL,'2019-05-03 06:52:22','2019-05-08 03:12:39'),(27,1,'2017',0,NULL,'2019-04-05 00:33:42','2019-04-28 00:00:00','VND 5,000,000.00','No',NULL,'2019-05-03 06:53:38','2019-05-08 03:12:39'),(28,1,'2017',0,NULL,'2019-04-05 00:33:42','2019-04-28 00:00:00','VND 5,000,000.00','No',NULL,'2019-05-03 06:59:59','2019-05-08 03:12:39'),(29,1,'2017',0,NULL,'2019-04-05 00:33:42','2019-04-28 00:00:00','VND 5,000,000.00','No',NULL,'2019-05-03 07:01:22','2019-05-08 03:12:39'),(30,1,'2017',0,NULL,'2019-04-05 00:33:42','2019-04-28 00:00:00','VND 5,000,000.00','No',NULL,'2019-05-03 07:03:38','2019-05-08 03:12:39'),(31,1,'2017',0,NULL,'2019-04-05 00:33:42','2019-04-28 00:00:00','VND 5,000,000.00','No',NULL,'2019-05-03 07:06:37','2019-05-08 03:12:39'),(32,1,'2017',0,NULL,'2019-04-05 00:33:42','2019-04-28 00:00:00','VND 5,000,000.00','No',NULL,'2019-05-03 07:11:32','2019-05-08 03:12:39'),(33,1,'2017',0,NULL,'2019-04-05 00:33:42','2019-04-28 00:00:00','VND 5,000,000.00','No',NULL,'2019-05-03 07:11:42','2019-05-08 03:12:39'),(34,1,'2017',0,NULL,'2019-04-05 00:33:42','2019-04-28 00:00:00','VND 5,000,000.00','No',NULL,'2019-05-03 07:11:54','2019-05-08 03:12:39'),(35,1,'2017',0,NULL,'2019-04-05 00:33:42','2019-04-28 00:00:00','VND 5,000,000.00','No',NULL,'2019-05-03 07:13:43','2019-05-08 03:12:39'),(36,1,'2017',0,NULL,'2019-04-05 00:33:42','2019-04-28 00:00:00','VND 5,000,000.00','No',NULL,'2019-05-03 07:13:52','2019-05-08 03:12:39'),(37,1,'2017',0,NULL,'2019-04-05 00:33:42','2019-04-28 00:00:00','VND 5,000,000.00','No',NULL,'2019-05-03 07:14:57','2019-05-08 03:12:39'),(38,1,'2017',0,NULL,'2019-04-05 00:33:42','2019-04-28 00:00:00','VND 5,000,000.00','No',NULL,'2019-05-03 07:16:22','2019-05-08 03:12:39'),(39,1,'2017',0,NULL,'2019-04-05 00:33:42','2019-04-28 00:00:00','VND 5,000,000.00','No',NULL,'2019-05-03 07:18:25','2019-05-08 03:12:39'),(40,1,'2017',0,NULL,'2019-04-05 00:33:42','2019-04-28 00:00:00','VND 5,000,000.00','No',NULL,'2019-05-03 07:21:36','2019-05-08 03:12:39'),(41,1,'2017',0,NULL,'2019-04-05 00:33:42','2019-04-28 00:00:00','VND 5,000,000.00','No',NULL,'2019-05-03 07:21:44','2019-05-08 03:12:39'),(42,1,'2017',0,NULL,'2019-04-05 00:33:42','2019-04-28 00:00:00','VND 5,000,000.00','No',NULL,'2019-05-03 07:33:30','2019-05-08 03:12:39'),(43,1,'2017',0,NULL,'2019-04-05 00:33:42','2019-04-28 00:00:00','VND 5,000,000.00','No',NULL,'2019-05-03 07:33:39','2019-05-08 03:12:39'),(44,1,'2017',0,NULL,'2019-04-05 00:33:42','2019-04-28 00:00:00','VND 5,000,000.00','No',NULL,'2019-05-03 07:39:40','2019-05-08 03:12:39'),(45,1,'2017',0,NULL,'2019-04-05 00:33:42','2019-04-28 00:00:00','VND 5,000,000.00','No',NULL,'2019-05-03 07:40:06','2019-05-08 03:12:39'),(46,1,'2017',0,NULL,'2019-04-05 00:33:42','2019-04-28 00:00:00','VND 5,000,000.00','No',NULL,'2019-05-03 07:42:05','2019-05-08 03:12:39'),(47,1,'2017',0,NULL,'2019-04-05 00:33:42','2019-04-28 00:00:00','VND 5,000,000.00','No',NULL,'2019-05-03 07:43:34','2019-05-08 03:12:39'),(48,1,'2017',0,NULL,'2019-04-05 00:33:42','2019-04-28 00:00:00','VND 5,000,000.00','No',NULL,'2019-05-03 07:44:22','2019-05-08 03:12:39'),(49,1,'2017',0,NULL,'2019-04-05 00:33:42','2019-04-28 00:00:00','VND 5,000,000.00','No',NULL,'2019-05-03 07:44:29','2019-05-08 03:12:39'),(50,1,'2017',0,NULL,'2019-04-05 00:33:42','2019-04-28 00:00:00','VND 5,000,000.00','No',NULL,'2019-05-03 07:44:46','2019-05-08 03:12:39'),(51,1,'2017',0,NULL,'2019-04-05 00:33:42','2019-04-28 00:00:00','VND 5,000,000.00','No',NULL,'2019-05-03 07:46:48','2019-05-08 03:12:39'),(52,1,'2017',0,NULL,'2019-04-05 00:33:42','2019-04-28 00:00:00','VND 5,000,000.00','No',NULL,'2019-05-03 07:47:02','2019-05-08 03:12:39'),(53,1,'2017',0,NULL,'2019-04-05 00:33:42','2019-04-28 00:00:00','VND 5,000,000.00','No',NULL,'2019-05-03 07:47:11','2019-05-08 03:12:39'),(54,1,'2017',0,NULL,'2019-04-05 00:33:42','2019-04-28 00:00:00','VND 5,000,000.00','No',NULL,'2019-05-05 07:50:21','2019-05-08 03:12:39'),(55,1,'2017',0,NULL,'2019-04-05 00:33:42','2019-04-28 00:00:00','VND 5,000,000.00','No',NULL,'2019-05-06 07:26:13','2019-05-08 03:12:39'),(56,1,'2017',0,NULL,'2019-04-05 00:33:42','2019-04-28 00:00:00','VND 5,000,000.00','No',NULL,'2019-05-06 07:27:01','2019-05-08 03:12:39'),(57,1,'2017',0,NULL,'2019-04-05 00:33:42','2019-04-28 00:00:00','VND 5,000,000.00','No',NULL,'2019-05-06 07:29:38','2019-05-08 03:12:39'),(58,1,'2017',0,NULL,'2019-04-05 00:33:42','2019-04-28 00:00:00','VND 5,000,000.00','No',NULL,'2019-05-06 07:29:54','2019-05-08 03:12:39'),(59,1,'2017',0,NULL,'2019-04-05 00:33:42','2019-04-28 00:00:00','VND 5,000,000.00','No',NULL,'2019-05-06 07:30:01','2019-05-08 03:12:39'),(60,1,'2017',0,NULL,'2019-04-05 00:33:42','2019-04-28 00:00:00','VND 5,000,000.00','No',NULL,'2019-05-06 07:30:10','2019-05-08 03:12:39'),(61,1,'2017',0,NULL,'2019-04-05 00:33:42','2019-04-28 00:00:00','VND 5,000,000.00','No',NULL,'2019-05-06 07:30:15','2019-05-08 03:12:39'),(62,1,'2017',0,NULL,'2019-04-05 00:33:42','2019-04-28 00:00:00','VND 5,000,000.00','No',NULL,'2019-05-06 07:36:05','2019-05-08 03:12:39'),(63,1,'2017',0,NULL,'2019-04-05 00:33:42','2019-04-28 00:00:00','VND 5,000,000.00','No',NULL,'2019-05-06 07:37:30','2019-05-08 03:12:39'),(64,1,'2017',0,NULL,'2019-04-05 00:33:42','2019-04-28 00:00:00','VND 5,000,000.00','No',NULL,'2019-05-06 07:39:37','2019-05-08 03:12:39'),(65,34,'2017',1,NULL,'2019-05-10 00:33:42','2019-05-28 00:00:00','VND 5,000,000.00','No',NULL,'2019-05-08 08:22:02','2019-05-08 08:22:02'),(66,35,'2017',1,NULL,'2019-05-10 00:33:42','2019-05-28 00:00:00','VND 5,000,000.00','No',NULL,'2019-05-08 08:23:35','2019-05-08 08:23:35'),(67,36,'2017',1,NULL,'2019-05-10 00:33:42','2019-05-28 00:00:00','VND 5,000,000.00','No',NULL,'2019-05-08 08:27:59','2019-05-08 08:27:59'),(68,37,'2017',1,NULL,'2019-05-10 00:33:42','2019-05-28 00:00:00','VND 5,000,000.00','No',NULL,'2019-05-08 08:39:07','2019-05-08 08:39:07'),(69,38,'2017',1,NULL,'2019-05-10 00:33:42','2019-05-28 00:00:00','VND 5,000,000.00','No',NULL,'2019-05-08 08:41:27','2019-05-08 08:41:27'),(70,39,'2017',1,NULL,'2019-05-10 00:33:42','2019-05-28 00:00:00','VND 5,000,000.00','No',NULL,'2019-05-08 08:43:34','2019-05-08 08:43:34'),(71,40,'2017',1,NULL,'2019-05-10 00:33:42','2019-05-28 00:00:00','VND 5,000,000.00','No',NULL,'2019-05-08 08:55:09','2019-05-08 08:55:09'),(72,41,'2017',1,NULL,'2019-05-10 00:33:42','2019-05-28 00:00:00','VND 5,000,000.00','No',NULL,'2019-05-08 08:56:49','2019-05-08 08:56:49'),(73,42,'2017',1,NULL,'2019-05-10 00:33:42','2019-05-28 00:00:00','VND 5,000,000.00','No',NULL,'2019-05-09 01:23:23','2019-05-09 01:23:23'),(74,43,'2017',1,NULL,'2019-05-10 00:33:42','2019-05-28 00:00:00','VND 5,000,000.00','No',NULL,'2019-05-09 01:24:40','2019-05-09 01:24:40'),(75,44,'2017',1,NULL,'2019-05-10 00:33:42','2019-05-28 00:00:00','VND 5,000,000.00','No',NULL,'2019-05-09 01:26:34','2019-05-09 01:26:34'),(76,45,'2017',1,NULL,'2019-05-10 00:33:42','2019-05-28 00:00:00','VND 5,000,000.00','No',NULL,'2019-05-09 01:28:38','2019-05-09 01:28:38'),(77,46,'2017',1,NULL,'2019-05-10 00:33:42','2019-05-28 00:00:00','VND 5,000,000.00','No',NULL,'2019-05-09 01:32:11','2019-05-09 01:32:11'),(78,47,'2017',1,NULL,'2019-05-10 00:33:42','2019-05-28 00:00:00','VND 5,000,000.00','No',NULL,'2019-05-09 01:34:12','2019-05-09 01:34:12'),(79,48,'2017',1,NULL,'2019-05-10 00:33:42','2019-05-28 00:00:00','VND 5,000,000.00','No',NULL,'2019-05-09 01:35:24','2019-05-09 01:35:24'),(80,49,'2017',1,NULL,'2019-05-10 00:33:42','2019-05-28 00:00:00','VND 5,000,000.00','No',NULL,'2019-05-09 01:40:26','2019-05-09 01:40:26'),(81,50,'2017',1,NULL,'2019-05-10 00:33:42','2019-05-28 00:00:00','VND 5,000,000.00','No',NULL,'2019-05-09 01:41:14','2019-05-09 01:41:14'),(82,51,'2017',1,NULL,'2019-05-10 00:33:42','2019-05-28 00:00:00','VND 5,000,000.00','No',NULL,'2019-05-09 01:43:08','2019-05-09 01:43:08'),(83,52,'2017',1,NULL,'2019-05-10 00:33:42','2019-05-28 00:00:00','VND 5,000,000.00','No',NULL,'2019-05-09 01:46:23','2019-05-09 01:46:23'),(84,53,'2017',1,NULL,'2019-05-10 00:33:42','2019-05-28 00:00:00','VND 5,000,000.00','No',NULL,'2019-05-09 01:47:12','2019-05-09 01:47:12'),(85,54,'2017',1,NULL,'2019-05-10 00:33:42','2019-05-28 00:00:00','VND 5,000,000.00','No',NULL,'2019-05-09 01:48:55','2019-05-09 01:48:55'),(86,55,'2017',1,NULL,'2019-05-10 00:33:42','2019-05-28 00:00:00','VND 5,000,000.00','No',NULL,'2019-05-09 01:52:32','2019-05-09 01:52:32'),(87,56,'2017',1,NULL,'2019-05-10 00:33:42','2019-05-28 00:00:00','VND 5,000,000.00','No',NULL,'2019-05-09 01:53:07','2019-05-09 01:53:07');
/*!40000 ALTER TABLE `awardDetails` ENABLE KEYS */;
UNLOCK TABLES;

--
-- Table structure for table `awardTypes`
--

DROP TABLE IF EXISTS `awardTypes`;
/*!40101 SET @saved_cs_client     = @@character_set_client */;
/*!40101 SET character_set_client = utf8 */;
CREATE TABLE `awardTypes` (
  `id` int(11) NOT NULL AUTO_INCREMENT,
  `name` varchar(45) COLLATE utf8_unicode_ci NOT NULL,
  `created_at` datetime DEFAULT NULL,
  `updated_at` varchar(45) COLLATE utf8_unicode_ci DEFAULT NULL,
  PRIMARY KEY (`id`)
) ENGINE=InnoDB AUTO_INCREMENT=57 DEFAULT CHARSET=utf8 COLLATE=utf8_unicode_ci;
/*!40101 SET character_set_client = @saved_cs_client */;

--
-- Dumping data for table `awardTypes`
--

LOCK TABLES `awardTypes` WRITE;
/*!40000 ALTER TABLE `awardTypes` DISABLE KEYS */;
INSERT INTO `awardTypes` VALUES (1,'Employee of the Year',NULL,NULL),(2,'Rookie of the Year',NULL,NULL),(3,'Manager of the Year',NULL,NULL),(4,'Employee of the Month','2019-05-08 06:56:37','2019-05-08 06:56:37'),(5,'Employee of the Day','2019-05-08 07:01:53','2019-05-08 07:01:53'),(6,'Employee of the 1','2019-05-08 07:04:27','2019-05-08 07:04:27'),(7,'Employee of the 2','2019-05-08 07:06:21','2019-05-08 07:06:21'),(8,'Employee of the 3','2019-05-08 07:08:30','2019-05-08 07:08:30'),(9,'Employee of the 4','2019-05-08 07:13:09','2019-05-08 07:13:09'),(10,'Employee of the 5','2019-05-08 07:14:20','2019-05-08 07:14:20'),(11,'Employee of the 6','2019-05-08 07:17:21','2019-05-08 07:17:21'),(12,'Employee of the 7','2019-05-08 07:19:24','2019-05-08 07:19:24'),(13,'Employee of the 8','2019-05-08 07:21:31','2019-05-08 07:21:31'),(14,'Employee of the 9','2019-05-08 07:22:30','2019-05-08 07:22:30'),(15,'Employee of the 10','2019-05-08 07:24:16','2019-05-08 07:24:16'),(16,'Employee of the 11','2019-05-08 07:24:44','2019-05-08 07:24:44'),(17,'Employee of the 12','2019-05-08 07:27:34','2019-05-08 07:27:34'),(18,'Employee of the 14','2019-05-08 07:30:54','2019-05-08 07:30:54'),(19,'Employee of the 15','2019-05-08 07:31:30','2019-05-08 07:31:30'),(20,'Employee of the 16','2019-05-08 07:37:51','2019-05-08 07:37:51'),(21,'Employee of the 17','2019-05-08 07:39:01','2019-05-08 07:39:01'),(22,'Employee of the 18','2019-05-08 07:40:05','2019-05-08 07:40:05'),(23,'Employee of the 19','2019-05-08 07:41:04','2019-05-08 07:41:04'),(24,'Employee of the 20','2019-05-08 07:44:00','2019-05-08 07:44:00'),(25,'Employee of the 21','2019-05-08 07:57:27','2019-05-08 07:57:27'),(26,'Employee of the 22','2019-05-08 07:57:48','2019-05-08 07:57:48'),(27,'Employee of the 23','2019-05-08 07:58:34','2019-05-08 07:58:34'),(28,'Employee of the 24','2019-05-08 07:59:29','2019-05-08 07:59:29'),(29,'Employee of the 25','2019-05-08 08:02:41','2019-05-08 08:02:41'),(30,'Employee of the 26','2019-05-08 08:03:06','2019-05-08 08:03:06'),(31,'Employee of the 27','2019-05-08 08:04:56','2019-05-08 08:04:56'),(32,'Employee of the 28','2019-05-08 08:08:37','2019-05-08 08:08:37'),(33,'Employee of the 29','2019-05-08 08:09:43','2019-05-08 08:09:43'),(34,'Employee of the 31','2019-05-08 08:22:02','2019-05-08 08:22:02'),(35,'Employee of the 32','2019-05-08 08:23:35','2019-05-08 08:23:35'),(36,'Employee of the 33','2019-05-08 08:27:59','2019-05-08 08:27:59'),(37,'Employee of the 34','2019-05-08 08:39:07','2019-05-08 08:39:07'),(38,'Employee of the 35','2019-05-08 08:41:27','2019-05-08 08:41:27'),(39,'Employee of the 36','2019-05-08 08:43:34','2019-05-08 08:43:34'),(40,'Employee of the 37','2019-05-08 08:55:09','2019-05-08 08:55:09'),(41,'Employee of the 38','2019-05-08 08:56:49','2019-05-08 08:56:49'),(42,'Employee of the 39','2019-05-09 01:23:23','2019-05-09 01:23:23'),(43,'Employee of the 40','2019-05-09 01:24:40','2019-05-09 01:24:40'),(44,'Employee of the 41','2019-05-09 01:26:34','2019-05-09 01:26:34'),(45,'Employee of the 42','2019-05-09 01:28:38','2019-05-09 01:28:38'),(46,'Employee of the 43','2019-05-09 01:32:11','2019-05-09 01:32:11'),(47,'Employee of the 44','2019-05-09 01:34:12','2019-05-09 01:34:12'),(48,'Employee of the 45','2019-05-09 01:35:24','2019-05-09 01:35:24'),(49,'Employee of the 46','2019-05-09 01:40:26','2019-05-09 01:40:26'),(50,'Employee of the 47','2019-05-09 01:41:14','2019-05-09 01:41:14'),(51,'Employee of the 48','2019-05-09 01:43:08','2019-05-09 01:43:08'),(52,'Employee of the 49','2019-05-09 01:46:23','2019-05-09 01:46:23'),(53,'Employee of the 50','2019-05-09 01:47:12','2019-05-09 01:47:12'),(54,'Employee of the 51','2019-05-09 01:48:55','2019-05-09 01:48:55'),(55,'Employee of the 52','2019-05-09 01:52:32','2019-05-09 01:52:32'),(56,'Employee of the 53','2019-05-09 01:53:07','2019-05-09 01:53:07');
/*!40000 ALTER TABLE `awardTypes` ENABLE KEYS */;
UNLOCK TABLES;

--
-- Table structure for table `finalResults`
--

DROP TABLE IF EXISTS `finalResults`;
/*!40101 SET @saved_cs_client     = @@character_set_client */;
/*!40101 SET character_set_client = utf8 */;
CREATE TABLE `finalResults` (
  `id_award` int(11) NOT NULL,
  `id_winner` int(11) NOT NULL,
  `percent` float NOT NULL,
  PRIMARY KEY (`id_award`),
  KEY `fk_finalResults_votingBreakdowns1_idx` (`id_award`,`id_winner`,`percent`),
  KEY `fk_finalResults_3_idx` (`id_winner`),
  KEY `fk_finalResults_2_idx` (`id_award`,`percent`),
  CONSTRAINT `fk_finalResults_1` FOREIGN KEY (`id_award`) REFERENCES `awardDetails` (`id`) ON DELETE NO ACTION ON UPDATE NO ACTION,
  CONSTRAINT `fk_finalResults_2` FOREIGN KEY (`id_award`) REFERENCES `votingBreakdowns` (`id_award`) ON DELETE NO ACTION ON UPDATE NO ACTION,
  CONSTRAINT `fk_finalResults_3` FOREIGN KEY (`id_winner`) REFERENCES `users` (`id`) ON DELETE NO ACTION ON UPDATE NO ACTION
) ENGINE=InnoDB DEFAULT CHARSET=utf8 COLLATE=utf8_unicode_ci;
/*!40101 SET character_set_client = @saved_cs_client */;

--
-- Dumping data for table `finalResults`
--

LOCK TABLES `finalResults` WRITE;
/*!40000 ALTER TABLE `finalResults` DISABLE KEYS */;
INSERT INTO `finalResults` VALUES (1,6,0),(2,6,0),(3,6,0),(4,6,6),(54,7,0),(55,7,0),(56,7,0),(57,7,0),(58,7,0),(59,7,0),(60,7,0),(61,7,0),(62,7,0),(63,7,0),(64,7,0);
/*!40000 ALTER TABLE `finalResults` ENABLE KEYS */;
UNLOCK TABLES;

--
-- Table structure for table `nominees`
--

DROP TABLE IF EXISTS `nominees`;
/*!40101 SET @saved_cs_client     = @@character_set_client */;
/*!40101 SET character_set_client = utf8 */;
CREATE TABLE `nominees` (
  `id_award` int(11) NOT NULL,
  `id_team` int(11) NOT NULL,
  `id_nominee` int(11) NOT NULL,
  `updated_at` datetime DEFAULT NULL,
  PRIMARY KEY (`id_award`,`id_nominee`),
  KEY `fk_awardNominees_awardDetails1_idx` (`id_award`),
  KEY `fk_awardNominees_users1_idx` (`id_nominee`,`id_team`),
  CONSTRAINT `fk_nominees_1` FOREIGN KEY (`id_nominee`) REFERENCES `users` (`id`) ON DELETE NO ACTION ON UPDATE NO ACTION,
  CONSTRAINT `fk_nominees_2` FOREIGN KEY (`id_award`) REFERENCES `awardDetails` (`id`) ON DELETE NO ACTION ON UPDATE NO ACTION
) ENGINE=InnoDB DEFAULT CHARSET=utf8;
/*!40101 SET character_set_client = @saved_cs_client */;

--
-- Dumping data for table `nominees`
--

LOCK TABLES `nominees` WRITE;
/*!40000 ALTER TABLE `nominees` DISABLE KEYS */;
INSERT INTO `nominees` VALUES (1,2,6,'2019-05-02 03:08:26'),(1,3,7,'2019-05-02 03:08:26'),(1,1,8,'2019-05-02 03:08:26'),(2,2,6,'2019-05-02 03:15:05'),(2,3,7,'2019-05-02 03:15:05'),(2,1,8,'2019-05-02 03:15:05'),(3,2,6,'2019-05-02 03:21:47'),(3,3,7,'2019-05-02 03:21:47'),(3,1,8,'2019-05-02 03:21:47'),(4,2,6,'2019-05-02 03:22:34'),(4,3,7,'2019-05-02 03:22:34'),(4,1,8,'2019-05-02 03:22:34'),(5,3,7,'2019-05-03 04:50:56'),(5,1,8,'2019-05-03 04:50:56'),(6,3,7,'2019-05-03 04:52:18'),(6,1,8,'2019-05-03 04:52:18'),(7,3,7,'2019-05-03 06:16:24'),(7,1,8,'2019-05-03 06:16:24'),(8,3,7,'2019-05-03 06:17:53'),(8,1,8,'2019-05-03 06:17:53'),(9,3,7,'2019-05-03 06:19:24'),(9,1,8,'2019-05-03 06:19:24'),(10,3,7,'2019-05-03 06:20:59'),(10,1,8,'2019-05-03 06:20:59'),(11,3,7,'2019-05-03 06:21:45'),(11,1,8,'2019-05-03 06:21:45'),(12,3,7,'2019-05-03 06:31:44'),(12,1,8,'2019-05-03 06:31:44'),(13,3,7,'2019-05-03 06:34:05'),(13,1,8,'2019-05-03 06:34:05'),(14,3,7,'2019-05-03 06:34:27'),(14,1,8,'2019-05-03 06:34:27'),(15,3,7,'2019-05-03 06:36:58'),(15,1,8,'2019-05-03 06:36:58'),(16,3,7,'2019-05-03 06:38:38'),(16,1,8,'2019-05-03 06:38:38'),(17,3,7,'2019-05-03 06:40:04'),(17,1,8,'2019-05-03 06:40:04'),(18,3,7,'2019-05-03 06:41:58'),(18,1,8,'2019-05-03 06:41:58'),(19,3,7,'2019-05-03 06:42:14'),(19,1,8,'2019-05-03 06:42:14'),(20,3,7,'2019-05-03 06:44:47'),(20,1,8,'2019-05-03 06:44:47'),(21,3,7,'2019-05-03 06:45:17'),(21,1,8,'2019-05-03 06:45:17'),(22,3,7,'2019-05-03 06:48:04'),(22,1,8,'2019-05-03 06:48:04'),(23,3,7,'2019-05-03 06:49:34'),(23,1,8,'2019-05-03 06:49:34'),(24,3,7,'2019-05-03 06:49:45'),(24,1,8,'2019-05-03 06:49:45'),(25,3,7,'2019-05-03 06:52:08'),(25,1,8,'2019-05-03 06:52:08'),(26,3,7,'2019-05-03 06:52:22'),(26,1,8,'2019-05-03 06:52:22'),(27,3,7,'2019-05-03 06:53:38'),(27,1,8,'2019-05-03 06:53:38'),(28,3,7,'2019-05-03 06:59:59'),(28,1,8,'2019-05-03 06:59:59'),(29,3,7,'2019-05-03 07:01:22'),(29,1,8,'2019-05-03 07:01:22'),(30,3,7,'2019-05-03 07:03:38'),(30,1,8,'2019-05-03 07:03:38'),(31,3,7,'2019-05-03 07:06:37'),(31,1,8,'2019-05-03 07:06:37'),(32,3,7,'2019-05-03 07:11:32'),(32,1,8,'2019-05-03 07:11:32'),(33,3,7,'2019-05-03 07:11:42'),(33,1,8,'2019-05-03 07:11:42'),(34,3,7,'2019-05-03 07:11:54'),(34,1,8,'2019-05-03 07:11:54'),(35,3,7,'2019-05-03 07:13:43'),(35,1,8,'2019-05-03 07:13:43'),(36,3,7,'2019-05-03 07:13:52'),(36,1,8,'2019-05-03 07:13:52'),(37,3,7,'2019-05-03 07:14:57'),(37,1,8,'2019-05-03 07:14:57'),(38,3,7,'2019-05-03 07:16:22'),(38,1,8,'2019-05-03 07:16:22'),(39,3,7,'2019-05-03 07:18:25'),(39,1,8,'2019-05-03 07:18:25'),(40,3,7,'2019-05-03 07:21:36'),(40,1,8,'2019-05-03 07:21:36'),(41,3,7,'2019-05-03 07:21:44'),(41,1,8,'2019-05-03 07:21:44'),(42,3,7,'2019-05-03 07:33:30'),(42,1,8,'2019-05-03 07:33:30'),(43,3,7,'2019-05-03 07:33:39'),(43,1,8,'2019-05-03 07:33:39'),(44,3,7,'2019-05-03 07:39:40'),(44,1,8,'2019-05-03 07:39:40'),(45,3,7,'2019-05-03 07:40:06'),(45,1,8,'2019-05-03 07:40:06'),(46,3,7,'2019-05-03 07:42:05'),(46,1,8,'2019-05-03 07:42:05'),(47,3,7,'2019-05-03 07:43:34'),(47,1,8,'2019-05-03 07:43:34'),(48,3,7,'2019-05-03 07:44:22'),(48,1,8,'2019-05-03 07:44:22'),(49,3,7,'2019-05-03 07:44:29'),(49,1,8,'2019-05-03 07:44:29'),(50,3,7,'2019-05-03 07:44:46'),(50,1,8,'2019-05-03 07:44:46'),(51,3,7,'2019-05-03 07:46:48'),(51,1,8,'2019-05-03 07:46:48'),(52,3,7,'2019-05-03 07:47:02'),(52,1,8,'2019-05-03 07:47:02'),(53,3,7,'2019-05-03 07:47:11'),(53,1,8,'2019-05-03 07:47:11'),(54,3,7,'2019-05-05 07:50:21'),(54,1,8,'2019-05-05 07:50:21'),(55,3,7,'2019-05-06 07:26:13'),(55,1,8,'2019-05-06 07:26:13'),(56,3,7,'2019-05-06 07:27:01'),(56,1,8,'2019-05-06 07:27:01'),(57,3,7,'2019-05-06 07:29:38'),(57,1,8,'2019-05-06 07:29:38'),(58,3,7,'2019-05-06 07:29:54'),(58,1,8,'2019-05-06 07:29:54'),(59,3,7,'2019-05-06 07:30:01'),(59,1,8,'2019-05-06 07:30:01'),(60,3,7,'2019-05-06 07:30:10'),(60,1,8,'2019-05-06 07:30:10'),(61,3,7,'2019-05-06 07:30:15'),(61,1,8,'2019-05-06 07:30:15'),(62,3,7,'2019-05-06 07:36:05'),(62,1,8,'2019-05-06 07:36:05'),(63,3,7,'2019-05-06 07:37:30'),(63,1,8,'2019-05-06 07:37:30'),(64,3,7,'2019-05-06 07:39:37'),(64,1,8,'2019-05-06 07:39:37'),(65,3,7,'2019-05-08 08:22:02'),(65,1,8,'2019-05-08 08:22:02'),(66,3,7,'2019-05-08 08:23:35'),(66,1,8,'2019-05-08 08:23:35'),(67,3,7,'2019-05-08 08:27:59'),(67,1,8,'2019-05-08 08:27:59'),(67,4,13,'2019-05-08 08:27:59'),(67,5,14,'2019-05-08 08:27:59'),(67,99,15,'2019-05-08 08:27:59'),(68,3,7,'2019-05-08 08:39:07'),(68,1,8,'2019-05-08 08:39:07'),(68,4,13,'2019-05-08 08:39:07'),(68,5,14,'2019-05-08 08:39:07'),(68,99,15,'2019-05-08 08:39:07'),(69,3,7,'2019-05-08 08:41:27'),(69,1,8,'2019-05-08 08:41:27'),(69,4,13,'2019-05-08 08:41:27'),(69,5,14,'2019-05-08 08:41:27'),(69,99,15,'2019-05-08 08:41:27'),(70,3,7,'2019-05-08 08:43:34'),(70,1,8,'2019-05-08 08:43:34'),(70,4,13,'2019-05-08 08:43:34'),(70,5,14,'2019-05-08 08:43:34'),(70,99,15,'2019-05-08 08:43:34'),(71,3,7,'2019-05-08 08:55:09'),(71,1,8,'2019-05-08 08:55:09'),(71,4,13,'2019-05-08 08:55:09'),(71,5,14,'2019-05-08 08:55:09'),(71,99,15,'2019-05-08 08:55:09'),(72,3,7,'2019-05-08 08:56:49'),(72,1,8,'2019-05-08 08:56:49'),(72,4,13,'2019-05-08 08:56:49'),(72,5,14,'2019-05-08 08:56:49'),(72,99,15,'2019-05-08 08:56:49'),(73,3,7,'2019-05-09 01:23:23'),(73,1,8,'2019-05-09 01:23:23'),(73,4,13,'2019-05-09 01:23:23'),(73,5,14,'2019-05-09 01:23:23'),(73,99,15,'2019-05-09 01:23:23'),(74,3,7,'2019-05-09 01:24:40'),(74,1,8,'2019-05-09 01:24:40'),(74,4,13,'2019-05-09 01:24:40'),(74,5,14,'2019-05-09 01:24:40'),(74,99,15,'2019-05-09 01:24:40'),(75,3,7,'2019-05-09 01:26:34'),(75,1,8,'2019-05-09 01:26:34'),(75,4,13,'2019-05-09 01:26:34'),(75,5,14,'2019-05-09 01:26:34'),(75,99,15,'2019-05-09 01:26:34'),(76,3,7,'2019-05-09 01:28:38'),(76,1,8,'2019-05-09 01:28:38'),(76,4,13,'2019-05-09 01:28:38'),(76,99,14,'2019-05-09 01:28:38'),(77,3,7,'2019-05-09 01:32:11'),(77,1,8,'2019-05-09 01:32:11'),(77,4,13,'2019-05-09 01:32:11'),(77,99,14,'2019-05-09 01:32:11'),(78,3,7,'2019-05-09 01:34:12'),(78,1,8,'2019-05-09 01:34:12'),(78,4,13,'2019-05-09 01:34:12'),(78,99,14,'2019-05-09 01:34:12'),(79,3,7,'2019-05-09 01:35:24'),(79,1,8,'2019-05-09 01:35:24'),(79,4,13,'2019-05-09 01:35:24'),(79,99,14,'2019-05-09 01:35:24'),(80,3,7,'2019-05-09 01:40:26'),(80,1,12,'2019-05-09 01:40:26'),(80,4,13,'2019-05-09 01:40:26'),(80,99,14,'2019-05-09 01:40:26'),(81,3,7,'2019-05-09 01:41:14'),(81,1,8,'2019-05-09 01:41:14'),(81,4,13,'2019-05-09 01:41:14'),(81,99,14,'2019-05-09 01:41:14'),(82,3,7,'2019-05-09 01:43:08'),(82,1,8,'2019-05-09 01:43:08'),(82,4,13,'2019-05-09 01:43:08'),(82,99,14,'2019-05-09 01:43:08'),(83,3,7,'2019-05-09 01:46:23'),(83,1,8,'2019-05-09 01:46:23'),(83,4,13,'2019-05-09 01:46:23'),(83,99,14,'2019-05-09 01:46:23'),(84,3,7,'2019-05-09 01:47:12'),(84,1,8,'2019-05-09 01:47:12'),(84,4,13,'2019-05-09 01:47:12'),(84,99,14,'2019-05-09 01:47:12'),(85,3,7,'2019-05-09 01:48:55'),(85,1,8,'2019-05-09 01:48:55'),(85,4,13,'2019-05-09 01:48:55'),(85,99,14,'2019-05-09 01:48:55'),(86,3,7,'2019-05-09 01:52:32'),(86,1,8,'2019-05-09 01:52:32'),(86,1,12,'2019-05-09 01:52:32'),(86,4,13,'2019-05-09 01:52:32'),(86,99,14,'2019-05-09 01:52:32'),(86,99,15,'2019-05-09 01:52:32'),(87,3,7,'2019-05-09 01:53:07'),(87,1,8,'2019-05-09 01:53:07'),(87,1,12,'2019-05-09 01:53:07'),(87,4,13,'2019-05-09 01:53:07'),(87,99,14,'2019-05-09 01:53:07'),(87,99,15,'2019-05-09 01:53:07');
/*!40000 ALTER TABLE `nominees` ENABLE KEYS */;
UNLOCK TABLES;

--
-- Table structure for table `roles`
--

DROP TABLE IF EXISTS `roles`;
/*!40101 SET @saved_cs_client     = @@character_set_client */;
/*!40101 SET character_set_client = utf8 */;
CREATE TABLE `roles` (
  `id` int(11) NOT NULL AUTO_INCREMENT,
  `name` varchar(45) CHARACTER SET utf8 NOT NULL,
  PRIMARY KEY (`id`)
) ENGINE=InnoDB AUTO_INCREMENT=4 DEFAULT CHARSET=utf8 COLLATE=utf8_unicode_ci;
/*!40101 SET character_set_client = @saved_cs_client */;

--
-- Dumping data for table `roles`
--

LOCK TABLES `roles` WRITE;
/*!40000 ALTER TABLE `roles` DISABLE KEYS */;
INSERT INTO `roles` VALUES (1,'admin'),(2,'Manager'),(3,'Developer');
/*!40000 ALTER TABLE `roles` ENABLE KEYS */;
UNLOCK TABLES;

--
-- Table structure for table `teams`
--

DROP TABLE IF EXISTS `teams`;
/*!40101 SET @saved_cs_client     = @@character_set_client */;
/*!40101 SET character_set_client = utf8 */;
CREATE TABLE `teams` (
  `id` int(11) NOT NULL AUTO_INCREMENT,
  `name` varchar(45) CHARACTER SET utf8 NOT NULL,
  PRIMARY KEY (`id`)
) ENGINE=InnoDB AUTO_INCREMENT=100 DEFAULT CHARSET=utf8 COLLATE=utf8_unicode_ci;
/*!40101 SET character_set_client = @saved_cs_client */;

--
-- Dumping data for table `teams`
--

LOCK TABLES `teams` WRITE;
/*!40000 ALTER TABLE `teams` DISABLE KEYS */;
INSERT INTO `teams` VALUES (1,'Bootcamp'),(2,'Concord'),(3,'Fox'),(4,'Denton'),(5,'Manager'),(99,'No Team');
/*!40000 ALTER TABLE `teams` ENABLE KEYS */;
UNLOCK TABLES;

--
-- Table structure for table `users`
--

DROP TABLE IF EXISTS `users`;
/*!40101 SET @saved_cs_client     = @@character_set_client */;
/*!40101 SET character_set_client = utf8 */;
CREATE TABLE `users` (
  `id` int(11) NOT NULL AUTO_INCREMENT,
  `id_role` int(11) NOT NULL,
  `id_team` int(11) DEFAULT NULL,
  `is_active` tinyint(1) NOT NULL,
  `username` varchar(45) CHARACTER SET utf8 NOT NULL,
  `password` varchar(60) CHARACTER SET utf8 NOT NULL,
  `first_name` varchar(45) CHARACTER SET utf8 NOT NULL,
  `last_name` varchar(45) CHARACTER SET utf8 NOT NULL,
  `english_name` varchar(45) CHARACTER SET utf8 DEFAULT NULL,
  `email` varchar(45) CHARACTER SET utf8 NOT NULL,
  `phone` varchar(15) CHARACTER SET utf8 DEFAULT NULL,
  `address` varchar(60) CHARACTER SET utf8 DEFAULT NULL,
  `other` varchar(45) CHARACTER SET utf8 DEFAULT NULL,
  `ava_url` varchar(200) CHARACTER SET utf8 DEFAULT NULL,
  `created_at` datetime DEFAULT NULL,
  `updated_at` datetime DEFAULT NULL,
  PRIMARY KEY (`id`),
  KEY `fk_user_1_idx` (`id_team`),
  KEY `fk_users_1_idx` (`id_role`),
  CONSTRAINT `fk_user_1` FOREIGN KEY (`id_team`) REFERENCES `teams` (`id`) ON DELETE NO ACTION ON UPDATE NO ACTION,
  CONSTRAINT `fk_users_1` FOREIGN KEY (`id_role`) REFERENCES `roles` (`id`) ON DELETE NO ACTION ON UPDATE NO ACTION
) ENGINE=InnoDB AUTO_INCREMENT=16 DEFAULT CHARSET=utf8 COLLATE=utf8_unicode_ci;
/*!40101 SET character_set_client = @saved_cs_client */;

--
-- Dumping data for table `users`
--

LOCK TABLES `users` WRITE;
/*!40000 ALTER TABLE `users` DISABLE KEYS */;
INSERT INTO `users` VALUES (1,1,NULL,1,'admin','$2b$10$wfJKbsW2ELRWPNNdRjXJvul5d6SlILIEOj7.jy30f84QYsVVx2qZm','admin','admin','admin','admin@enclave.vn',NULL,NULL,NULL,'uploads/avatars/undefined_2019-04-26T03:22:00.179Z_defaut_ava.jpg','2019-03-28 09:35:08','2019-03-28 09:35:08'),(6,3,2,0,'dinh.le','$2b$10$ymd/UXiW08zCH3D8BJWANeI5ZZkoaWA84CD5VJXbGZV2ujiZxm4hW','Dinh','Q. LE','Roger','roger@enclave.vn','+84917355190','','',NULL,'2019-03-28 09:36:35','2019-04-05 08:09:55'),(7,3,3,1,'dinh.le1','$2b$10$cpS84H8cIybJos5OHys8Eu41YFGq3S22aPRJjcETKZNzYZqb5pq9G','Dinh','Q. LE','Roger','roger@enclave.vn','+84917355190','','','uploads/avatars/dinh.le1_2019-04-09T03:32:37.100Z_img.jpg','2019-03-28 09:40:12','2019-04-05 09:20:31'),(8,3,1,1,'chuc.truong','$2b$10$rOMczNzRykqLnhWzWUodHe.VQfGswLOHsF7Op97t7EpYGj7qCTAnW','Chuc','D. TRUONG','Gray','gray@enclave.vn',NULL,NULL,NULL,NULL,'2019-04-09 02:06:28','2019-04-09 02:06:28'),(9,2,5,1,'duong.nguyen','$2b$10$cNm72rXY8i0m9RxBwgzY8e3UDgDfYDr2k4uvvhUD5PCUmGobnVNfW','Duong','T.A. NGUYEN','Sunny','sunny@enclave.vn',NULL,NULL,NULL,'uploads/avatars/undefined_2019-04-28T15:34:50.366Z_businessman.png','2019-04-09 10:00:51','2019-04-09 10:00:51'),(10,3,99,1,'nam.nguyen','$2b$10$mWH.GwmIHhrNTorKOlF/iuMgR8fXoW2Av1uURAESjP.Np8cjgagBO','Nam','N. NGUYEN','Nodin','nodin@enclave.vn',NULL,NULL,NULL,NULL,'2019-04-09 10:03:37','2019-04-21 08:33:22'),(11,2,3,1,'khai.le','$2b$10$/w9NnmzKf37RD6ZStMrH9O2Pcb9dPaBdQmzQefBP7xdKxbE5YfqFu','Khai','LE','Marco','marco@enclave.vn',NULL,NULL,NULL,NULL,'2019-04-18 02:32:41','2019-04-18 02:32:41'),(12,3,1,1,'tu.nguyen','$2b$10$5RBeWETFPuI36n9pRtcAmeX5cSAq7efY.7ydoklf3pUTn2cuDr9Di','Tu','T. NGUYEN','Callie','callie@enclave.vn',NULL,NULL,NULL,'uploads/avatars/undefined_2019-04-26T03:22:00.179Z_defaut_ava.jpg','2019-05-08 08:24:55','2019-05-08 08:24:55'),(13,3,4,1,'tuyen.nguyen','$2b$10$wg.biBqrF.jD8MQ85/mLW.osuQZvP1oWV7Fy2wNHBExNBL1NTfzjG','Tuyen','T.T. NGUYEN','Tavia','tavia@enclave.vn',NULL,NULL,NULL,'uploads/avatars/undefined_2019-04-26T03:22:00.179Z_defaut_ava.jpg','2019-05-08 08:25:44','2019-05-08 08:25:44'),(14,3,99,1,'quy.vo','$2b$10$9H4e55Ohf7S10Lwf4rlokuLRHbs0aoTEf2FdzrrSHFp3XkkROtUKu','Quy','T. Vo','Wyatt','wyatt@enclave.vn',NULL,NULL,NULL,'uploads/avatars/undefined_2019-04-26T03:22:00.179Z_defaut_ava.jpg','2019-05-08 08:26:31','2019-05-08 08:26:31'),(15,3,99,1,'an.trinh','$2b$10$vWOc7zhfTktHYlnOeTCkL.HfgSKfX/J2tjS4zoI4JBbaH10X1uvQW','An','M. TRINH','Aiden','aiden@enclave.vn',NULL,NULL,NULL,'uploads/avatars/undefined_2019-04-26T03:22:00.179Z_defaut_ava.jpg','2019-05-08 08:27:02','2019-05-08 08:27:02');
/*!40000 ALTER TABLE `users` ENABLE KEYS */;
UNLOCK TABLES;

--
-- Table structure for table `voters`
--

DROP TABLE IF EXISTS `voters`;
/*!40101 SET @saved_cs_client     = @@character_set_client */;
/*!40101 SET character_set_client = utf8 */;
CREATE TABLE `voters` (
  `id_award` int(11) NOT NULL,
  `id_user` int(11) NOT NULL,
  `vote_status` tinyint(1) NOT NULL,
  `updated_at` datetime DEFAULT NULL,
  PRIMARY KEY (`id_award`,`id_user`),
  KEY `fk_userAwardVote_users1_idx` (`id_user`),
  KEY `fk_userAwardVote_awardDetails1_idx` (`id_award`),
  CONSTRAINT `fk_userAwardVote_users1` FOREIGN KEY (`id_user`) REFERENCES `users` (`id`) ON DELETE NO ACTION ON UPDATE NO ACTION,
  CONSTRAINT `fk_voters_1` FOREIGN KEY (`id_award`) REFERENCES `awardDetails` (`id`) ON DELETE NO ACTION ON UPDATE NO ACTION
) ENGINE=InnoDB DEFAULT CHARSET=utf8 COLLATE=utf8_unicode_ci;
/*!40101 SET character_set_client = @saved_cs_client */;

--
-- Dumping data for table `voters`
--

LOCK TABLES `voters` WRITE;
/*!40000 ALTER TABLE `voters` DISABLE KEYS */;
INSERT INTO `voters` VALUES (1,9,1,'2019-05-02 03:08:26'),(1,11,1,'2019-05-02 03:08:26'),(2,9,0,'2019-05-02 03:20:30'),(2,11,1,'2019-05-02 03:15:05'),(3,9,1,'2019-05-02 03:21:47'),(3,11,1,'2019-05-02 03:21:47'),(4,9,0,'2019-05-02 03:23:31'),(4,11,1,'2019-05-02 03:22:34'),(5,9,1,'2019-05-03 04:50:56'),(5,11,1,'2019-05-03 04:50:56'),(6,9,1,'2019-05-03 04:52:18'),(6,11,1,'2019-05-03 04:52:18'),(7,9,1,'2019-05-03 06:16:24'),(7,11,1,'2019-05-03 06:16:24'),(8,9,1,'2019-05-03 06:17:53'),(8,11,1,'2019-05-03 06:17:53'),(9,9,1,'2019-05-03 06:19:24'),(9,11,1,'2019-05-03 06:19:24'),(10,9,1,'2019-05-03 06:20:59'),(10,11,1,'2019-05-03 06:20:59'),(11,9,1,'2019-05-03 06:21:45'),(11,11,1,'2019-05-03 06:21:45'),(20,9,1,'2019-05-03 06:44:47'),(20,11,1,'2019-05-03 06:44:47'),(21,9,1,'2019-05-03 06:45:17'),(21,11,1,'2019-05-03 06:45:17'),(22,9,1,'2019-05-03 06:48:04'),(22,11,1,'2019-05-03 06:48:04'),(23,9,1,'2019-05-03 06:49:34'),(23,11,1,'2019-05-03 06:49:34'),(24,9,1,'2019-05-03 06:49:45'),(24,11,1,'2019-05-03 06:49:45'),(25,9,1,'2019-05-03 06:52:08'),(25,11,1,'2019-05-03 06:52:08'),(26,9,1,'2019-05-03 06:52:22'),(26,11,1,'2019-05-03 06:52:22'),(27,9,1,'2019-05-03 06:53:38'),(27,11,1,'2019-05-03 06:53:38'),(28,9,1,'2019-05-03 06:59:59'),(28,11,1,'2019-05-03 06:59:59'),(29,9,1,'2019-05-03 07:01:22'),(29,11,1,'2019-05-03 07:01:22'),(30,9,1,'2019-05-03 07:03:38'),(30,11,1,'2019-05-03 07:03:38'),(31,9,1,'2019-05-03 07:06:37'),(31,11,1,'2019-05-03 07:06:37'),(32,9,1,'2019-05-03 07:11:32'),(32,11,1,'2019-05-03 07:11:32'),(33,9,1,'2019-05-03 07:11:42'),(33,11,1,'2019-05-03 07:11:42'),(34,9,1,'2019-05-03 07:11:54'),(34,11,1,'2019-05-03 07:11:54'),(35,9,1,'2019-05-03 07:13:43'),(35,11,1,'2019-05-03 07:13:43'),(36,9,1,'2019-05-03 07:13:52'),(36,11,1,'2019-05-03 07:13:52'),(37,9,1,'2019-05-03 07:14:57'),(37,11,1,'2019-05-03 07:14:57'),(38,9,1,'2019-05-03 07:16:22'),(38,11,1,'2019-05-03 07:16:22'),(39,9,1,'2019-05-03 07:18:25'),(39,11,1,'2019-05-03 07:18:25'),(40,9,1,'2019-05-03 07:21:36'),(40,11,1,'2019-05-03 07:21:36'),(41,9,1,'2019-05-03 07:21:44'),(41,11,1,'2019-05-03 07:21:44'),(42,9,1,'2019-05-03 07:33:30'),(42,11,1,'2019-05-03 07:33:30'),(43,9,1,'2019-05-03 07:33:39'),(43,11,1,'2019-05-03 07:33:39'),(44,9,1,'2019-05-03 07:39:40'),(44,11,1,'2019-05-03 07:39:40'),(45,9,1,'2019-05-03 07:40:06'),(45,11,1,'2019-05-03 07:40:06'),(46,9,1,'2019-05-03 07:42:05'),(46,11,1,'2019-05-03 07:42:05'),(47,9,1,'2019-05-03 07:43:34'),(47,11,1,'2019-05-03 07:43:34'),(48,9,1,'2019-05-03 07:44:22'),(48,11,1,'2019-05-03 07:44:22'),(49,9,1,'2019-05-03 07:44:29'),(49,11,1,'2019-05-03 07:44:29'),(50,9,1,'2019-05-03 07:44:46'),(50,11,1,'2019-05-03 07:44:46'),(51,9,1,'2019-05-03 07:46:48'),(51,11,1,'2019-05-03 07:46:48'),(52,9,1,'2019-05-03 07:47:02'),(52,11,1,'2019-05-03 07:47:02'),(53,9,1,'2019-05-03 07:47:11'),(53,11,1,'2019-05-03 07:47:11'),(56,9,1,'2019-05-06 07:27:01'),(56,11,1,'2019-05-06 07:27:01'),(57,9,1,'2019-05-06 07:29:38'),(57,11,1,'2019-05-06 07:29:38'),(58,9,1,'2019-05-06 07:29:54'),(58,11,1,'2019-05-06 07:29:54'),(59,9,1,'2019-05-06 07:30:01'),(59,11,1,'2019-05-06 07:30:01'),(60,9,1,'2019-05-06 07:30:10'),(60,11,1,'2019-05-06 07:30:10'),(61,9,1,'2019-05-06 07:30:15'),(61,11,1,'2019-05-06 07:30:15'),(62,9,1,'2019-05-06 07:36:05'),(62,11,1,'2019-05-06 07:36:05'),(63,9,1,'2019-05-06 07:37:30'),(63,11,1,'2019-05-06 07:37:30'),(64,9,1,'2019-05-06 07:39:37'),(64,11,1,'2019-05-06 07:39:37'),(66,9,1,'2019-05-08 08:23:35'),(66,11,1,'2019-05-08 08:23:35'),(67,9,1,'2019-05-08 08:27:59'),(67,11,1,'2019-05-08 08:27:59'),(67,12,1,'2019-05-08 08:27:59'),(67,13,1,'2019-05-08 08:27:59'),(67,14,1,'2019-05-08 08:27:59'),(67,15,1,'2019-05-08 08:27:59'),(68,9,1,'2019-05-08 08:39:07'),(68,11,1,'2019-05-08 08:39:07'),(69,9,1,'2019-05-08 08:41:27'),(69,11,1,'2019-05-08 08:41:27'),(70,9,1,'2019-05-08 08:43:34'),(70,11,1,'2019-05-08 08:43:34'),(71,9,1,'2019-05-08 08:55:09'),(71,11,1,'2019-05-08 08:55:09'),(72,9,1,'2019-05-08 08:56:49'),(72,11,1,'2019-05-08 08:56:49'),(73,9,1,'2019-05-09 01:23:23'),(73,11,1,'2019-05-09 01:23:23'),(74,9,1,'2019-05-09 01:24:40'),(74,11,1,'2019-05-09 01:24:40'),(75,9,1,'2019-05-09 01:26:34'),(75,11,1,'2019-05-09 01:26:34'),(76,9,1,'2019-05-09 01:28:38'),(76,11,1,'2019-05-09 01:28:38'),(77,9,1,'2019-05-09 01:32:11'),(77,11,1,'2019-05-09 01:32:11'),(78,9,1,'2019-05-09 01:34:12'),(78,11,1,'2019-05-09 01:34:12'),(79,9,1,'2019-05-09 01:35:24'),(79,11,1,'2019-05-09 01:35:24'),(80,9,1,'2019-05-09 01:40:26'),(80,11,1,'2019-05-09 01:40:26'),(81,9,1,'2019-05-09 01:41:14'),(81,11,1,'2019-05-09 01:41:14'),(82,9,1,'2019-05-09 01:43:08'),(82,11,1,'2019-05-09 01:43:08'),(83,9,1,'2019-05-09 01:46:23'),(83,11,1,'2019-05-09 01:46:23'),(84,9,1,'2019-05-09 01:47:12'),(84,11,1,'2019-05-09 01:47:12'),(85,9,1,'2019-05-09 01:48:55'),(85,11,1,'2019-05-09 01:48:55'),(86,9,1,'2019-05-09 01:52:32'),(86,11,1,'2019-05-09 01:52:32'),(87,9,1,'2019-05-09 01:53:07'),(87,11,1,'2019-05-09 01:53:07');
/*!40000 ALTER TABLE `voters` ENABLE KEYS */;
UNLOCK TABLES;

--
-- Table structure for table `votingBreakdowns`
--

DROP TABLE IF EXISTS `votingBreakdowns`;
/*!40101 SET @saved_cs_client     = @@character_set_client */;
/*!40101 SET character_set_client = utf8 */;
CREATE TABLE `votingBreakdowns` (
  `id_award` int(11) NOT NULL,
  `rank` int(11) NOT NULL,
  `id_nominee` int(11) NOT NULL,
  `first_votes` int(11) NOT NULL,
  `second_votes` int(11) NOT NULL,
  `third_votes` int(11) NOT NULL,
  `percent` float NOT NULL,
  `total_points` int(11) NOT NULL,
  `updated_at` datetime NOT NULL,
  PRIMARY KEY (`id_award`,`id_nominee`),
  KEY `fk_votingBreakdowns_2_idx` (`percent`),
  KEY `fk_votingBreakdowns_3_idx` (`percent`),
  KEY `fk_votingBreakdowns_2_idx1` (`id_nominee`),
  CONSTRAINT `fk_votingBreakdowns_1` FOREIGN KEY (`id_award`) REFERENCES `awardDetails` (`id`) ON DELETE NO ACTION ON UPDATE NO ACTION,
  CONSTRAINT `fk_votingBreakdowns_2` FOREIGN KEY (`id_nominee`) REFERENCES `users` (`id`) ON DELETE NO ACTION ON UPDATE NO ACTION
) ENGINE=InnoDB DEFAULT CHARSET=utf8 COLLATE=utf8_unicode_ci;
/*!40101 SET character_set_client = @saved_cs_client */;

--
-- Dumping data for table `votingBreakdowns`
--

LOCK TABLES `votingBreakdowns` WRITE;
/*!40000 ALTER TABLE `votingBreakdowns` DISABLE KEYS */;
INSERT INTO `votingBreakdowns` VALUES (1,1,6,0,0,0,0,0,'2019-05-02 03:08:26'),(1,3,7,0,0,0,0,0,'2019-05-02 03:08:26'),(1,2,8,0,0,0,0,0,'2019-05-02 03:08:26'),(2,1,6,0,0,0,0,0,'2019-05-02 03:15:05'),(2,3,7,0,0,0,0,0,'2019-05-02 03:15:05'),(2,2,8,0,0,0,0,0,'2019-05-02 03:15:05'),(3,1,6,0,0,0,0,0,'2019-05-02 03:21:47'),(3,3,7,0,0,0,0,0,'2019-05-02 03:21:47'),(3,2,8,0,0,0,0,0,'2019-05-02 03:21:47'),(4,1,6,1,1,0,44.44,8,'2019-05-03 07:56:10'),(4,3,7,0,1,1,22.22,4,'2019-05-03 07:56:10'),(4,2,8,1,0,1,33.33,6,'2019-05-03 07:56:10'),(5,3,7,0,0,0,0,0,'2019-05-03 04:50:56'),(5,2,8,0,0,0,0,0,'2019-05-03 04:50:56'),(6,3,7,0,0,0,0,0,'2019-05-03 04:52:18'),(6,2,8,0,0,0,0,0,'2019-05-03 04:52:18'),(7,3,7,0,0,0,0,0,'2019-05-03 06:16:24'),(7,2,8,0,0,0,0,0,'2019-05-03 06:16:24'),(8,3,7,0,0,0,0,0,'2019-05-03 06:17:53'),(8,2,8,0,0,0,0,0,'2019-05-03 06:17:53'),(9,3,7,0,0,0,0,0,'2019-05-03 06:19:24'),(9,2,8,0,0,0,0,0,'2019-05-03 06:19:24'),(10,3,7,0,0,0,0,0,'2019-05-03 06:20:59'),(10,2,8,0,0,0,0,0,'2019-05-03 06:20:59'),(11,3,7,0,0,0,0,0,'2019-05-03 06:21:45'),(11,2,8,0,0,0,0,0,'2019-05-03 06:21:45'),(12,3,7,0,0,0,0,0,'2019-05-03 06:31:44'),(12,2,8,0,0,0,0,0,'2019-05-03 06:31:44'),(13,3,7,0,0,0,0,0,'2019-05-03 06:34:05'),(13,2,8,0,0,0,0,0,'2019-05-03 06:34:05'),(14,3,7,0,0,0,0,0,'2019-05-03 06:34:27'),(14,2,8,0,0,0,0,0,'2019-05-03 06:34:27'),(15,3,7,0,0,0,0,0,'2019-05-03 06:36:58'),(15,2,8,0,0,0,0,0,'2019-05-03 06:36:58'),(16,3,7,0,0,0,0,0,'2019-05-03 06:38:38'),(16,2,8,0,0,0,0,0,'2019-05-03 06:38:38'),(17,3,7,0,0,0,0,0,'2019-05-03 06:40:04'),(17,2,8,0,0,0,0,0,'2019-05-03 06:40:04'),(18,3,7,0,0,0,0,0,'2019-05-03 06:41:58'),(18,2,8,0,0,0,0,0,'2019-05-03 06:41:58'),(19,3,7,0,0,0,0,0,'2019-05-03 06:42:14'),(19,2,8,0,0,0,0,0,'2019-05-03 06:42:14'),(20,3,7,0,0,0,0,0,'2019-05-03 06:44:47'),(20,2,8,0,0,0,0,0,'2019-05-03 06:44:47'),(21,3,7,0,0,0,0,0,'2019-05-03 06:45:17'),(21,2,8,0,0,0,0,0,'2019-05-03 06:45:17'),(22,3,7,0,0,0,0,0,'2019-05-03 06:48:04'),(22,2,8,0,0,0,0,0,'2019-05-03 06:48:04'),(23,3,7,0,0,0,0,0,'2019-05-03 06:49:34'),(23,2,8,0,0,0,0,0,'2019-05-03 06:49:34'),(24,3,7,0,0,0,0,0,'2019-05-03 06:49:45'),(24,2,8,0,0,0,0,0,'2019-05-03 06:49:45'),(25,3,7,0,0,0,0,0,'2019-05-03 06:52:08'),(25,2,8,0,0,0,0,0,'2019-05-03 06:52:08'),(26,3,7,0,0,0,0,0,'2019-05-03 06:52:22'),(26,2,8,0,0,0,0,0,'2019-05-03 06:52:22'),(27,3,7,0,0,0,0,0,'2019-05-03 06:53:38'),(27,2,8,0,0,0,0,0,'2019-05-03 06:53:38'),(28,3,7,0,0,0,0,0,'2019-05-03 06:59:59'),(28,2,8,0,0,0,0,0,'2019-05-03 06:59:59'),(29,3,7,0,0,0,0,0,'2019-05-03 07:01:22'),(29,2,8,0,0,0,0,0,'2019-05-03 07:01:22'),(30,3,7,0,0,0,0,0,'2019-05-03 07:03:38'),(30,2,8,0,0,0,0,0,'2019-05-03 07:03:38'),(31,3,7,0,0,0,0,0,'2019-05-03 07:06:37'),(31,2,8,0,0,0,0,0,'2019-05-03 07:06:37'),(32,3,7,0,0,0,0,0,'2019-05-03 07:11:32'),(32,2,8,0,0,0,0,0,'2019-05-03 07:11:32'),(33,3,7,0,0,0,0,0,'2019-05-03 07:11:42'),(33,2,8,0,0,0,0,0,'2019-05-03 07:11:42'),(34,3,7,0,0,0,0,0,'2019-05-03 07:11:54'),(34,2,8,0,0,0,0,0,'2019-05-03 07:11:54'),(35,3,7,0,0,0,0,0,'2019-05-03 07:13:43'),(35,2,8,0,0,0,0,0,'2019-05-03 07:13:43'),(36,3,7,0,0,0,0,0,'2019-05-03 07:13:52'),(36,2,8,0,0,0,0,0,'2019-05-03 07:13:52'),(37,3,7,0,0,0,0,0,'2019-05-03 07:14:57'),(37,2,8,0,0,0,0,0,'2019-05-03 07:14:57'),(38,3,7,0,0,0,0,0,'2019-05-03 07:16:22'),(38,2,8,0,0,0,0,0,'2019-05-03 07:16:22'),(39,3,7,0,0,0,0,0,'2019-05-03 07:18:25'),(39,2,8,0,0,0,0,0,'2019-05-03 07:18:25'),(40,3,7,0,0,0,0,0,'2019-05-03 07:21:36'),(40,2,8,0,0,0,0,0,'2019-05-03 07:21:36'),(41,3,7,0,0,0,0,0,'2019-05-03 07:21:44'),(41,2,8,0,0,0,0,0,'2019-05-03 07:21:44'),(42,3,7,0,0,0,0,0,'2019-05-03 07:33:30'),(42,2,8,0,0,0,0,0,'2019-05-03 07:33:30'),(43,3,7,0,0,0,0,0,'2019-05-03 07:33:39'),(43,2,8,0,0,0,0,0,'2019-05-03 07:33:39'),(44,3,7,0,0,0,0,0,'2019-05-03 07:39:40'),(44,2,8,0,0,0,0,0,'2019-05-03 07:39:40'),(45,3,7,0,0,0,0,0,'2019-05-03 07:40:06'),(45,2,8,0,0,0,0,0,'2019-05-03 07:40:06'),(46,3,7,0,0,0,0,0,'2019-05-03 07:42:05'),(46,2,8,0,0,0,0,0,'2019-05-03 07:42:05'),(47,3,7,0,0,0,0,0,'2019-05-03 07:43:34'),(47,2,8,0,0,0,0,0,'2019-05-03 07:43:34'),(48,3,7,0,0,0,0,0,'2019-05-03 07:44:22'),(48,2,8,0,0,0,0,0,'2019-05-03 07:44:22'),(49,3,7,0,0,0,0,0,'2019-05-03 07:44:29'),(49,2,8,0,0,0,0,0,'2019-05-03 07:44:29'),(50,3,7,0,0,0,0,0,'2019-05-03 07:44:46'),(50,2,8,0,0,0,0,0,'2019-05-03 07:44:46'),(51,3,7,0,0,0,0,0,'2019-05-03 07:46:48'),(51,2,8,0,0,0,0,0,'2019-05-03 07:46:48'),(52,3,7,0,0,0,0,0,'2019-05-03 07:47:02'),(52,2,8,0,0,0,0,0,'2019-05-03 07:47:02'),(53,3,7,0,0,0,0,0,'2019-05-03 07:47:11'),(53,2,8,0,0,0,0,0,'2019-05-03 07:47:11'),(54,1,7,0,0,0,0,0,'2019-05-05 07:50:21'),(54,1,8,0,0,0,0,0,'2019-05-05 07:50:21'),(55,1,7,0,0,0,0,0,'2019-05-06 07:26:13'),(55,1,8,0,0,0,0,0,'2019-05-06 07:26:13'),(56,1,7,0,0,0,0,0,'2019-05-06 07:27:01'),(56,1,8,0,0,0,0,0,'2019-05-06 07:27:01'),(57,1,7,0,0,0,0,0,'2019-05-06 07:29:38'),(57,1,8,0,0,0,0,0,'2019-05-06 07:29:38'),(58,1,7,0,0,0,0,0,'2019-05-06 07:29:54'),(58,1,8,0,0,0,0,0,'2019-05-06 07:29:54'),(59,1,7,0,0,0,0,0,'2019-05-06 07:30:01'),(59,1,8,0,0,0,0,0,'2019-05-06 07:30:01'),(60,1,7,0,0,0,0,0,'2019-05-06 07:30:10'),(60,1,8,0,0,0,0,0,'2019-05-06 07:30:10'),(61,1,7,0,0,0,0,0,'2019-05-06 07:30:15'),(61,1,8,0,0,0,0,0,'2019-05-06 07:30:15'),(62,1,7,0,0,0,0,0,'2019-05-06 07:36:05'),(62,1,8,0,0,0,0,0,'2019-05-06 07:36:05'),(63,1,7,0,0,0,0,0,'2019-05-06 07:37:30'),(63,1,8,0,0,0,0,0,'2019-05-06 07:37:30'),(64,1,7,0,0,0,0,0,'2019-05-06 07:39:37'),(64,1,8,0,0,0,0,0,'2019-05-06 07:39:37'),(65,1,7,0,0,0,0,0,'2019-05-08 08:22:02'),(65,1,8,0,0,0,0,0,'2019-05-08 08:22:02'),(66,1,7,0,0,0,0,0,'2019-05-08 08:23:35'),(66,1,8,0,0,0,0,0,'2019-05-08 08:23:35'),(67,1,7,0,0,0,0,0,'2019-05-08 08:27:59'),(67,1,8,0,0,0,0,0,'2019-05-08 08:27:59'),(67,1,12,0,0,0,0,0,'2019-05-08 08:27:59'),(67,1,13,0,0,0,0,0,'2019-05-08 08:27:59'),(67,1,14,0,0,0,0,0,'2019-05-08 08:27:59'),(67,1,15,0,0,0,0,0,'2019-05-08 08:27:59'),(68,1,7,0,0,0,0,0,'2019-05-08 08:39:07'),(68,1,8,0,0,0,0,0,'2019-05-08 08:39:07'),(68,1,12,0,0,0,0,0,'2019-05-08 08:39:07'),(68,1,13,0,0,0,0,0,'2019-05-08 08:39:07'),(68,1,14,0,0,0,0,0,'2019-05-08 08:39:07'),(68,1,15,0,0,0,0,0,'2019-05-08 08:39:07'),(69,1,7,0,0,0,0,0,'2019-05-08 08:41:27'),(69,1,8,0,0,0,0,0,'2019-05-08 08:41:27'),(69,1,12,0,0,0,0,0,'2019-05-08 08:41:27'),(69,1,13,0,0,0,0,0,'2019-05-08 08:41:27'),(69,1,14,0,0,0,0,0,'2019-05-08 08:41:27'),(69,1,15,0,0,0,0,0,'2019-05-08 08:41:27'),(70,1,7,0,0,0,0,0,'2019-05-08 08:43:34'),(70,1,8,0,0,0,0,0,'2019-05-08 08:43:34'),(70,1,12,0,0,0,0,0,'2019-05-08 08:43:34'),(70,1,13,0,0,0,0,0,'2019-05-08 08:43:34'),(70,1,14,0,0,0,0,0,'2019-05-08 08:43:34'),(70,1,15,0,0,0,0,0,'2019-05-08 08:43:34'),(71,1,7,0,0,0,0,0,'2019-05-08 08:55:09'),(71,1,8,0,0,0,0,0,'2019-05-08 08:55:09'),(71,1,12,0,0,0,0,0,'2019-05-08 08:55:09'),(71,1,13,0,0,0,0,0,'2019-05-08 08:55:09'),(71,1,14,0,0,0,0,0,'2019-05-08 08:55:09'),(71,1,15,0,0,0,0,0,'2019-05-08 08:55:09'),(72,1,7,0,0,0,0,0,'2019-05-08 08:56:49'),(72,1,8,0,0,0,0,0,'2019-05-08 08:56:49'),(72,1,12,0,0,0,0,0,'2019-05-08 08:56:49'),(72,1,13,0,0,0,0,0,'2019-05-08 08:56:49'),(72,1,14,0,0,0,0,0,'2019-05-08 08:56:49'),(72,1,15,0,0,0,0,0,'2019-05-08 08:56:49'),(73,1,7,0,0,0,0,0,'2019-05-09 01:23:23'),(73,1,8,0,0,0,0,0,'2019-05-09 01:23:23'),(73,1,12,0,0,0,0,0,'2019-05-09 01:23:23'),(73,1,13,0,0,0,0,0,'2019-05-09 01:23:23'),(73,1,14,0,0,0,0,0,'2019-05-09 01:23:23'),(73,1,15,0,0,0,0,0,'2019-05-09 01:23:23'),(74,1,7,0,0,0,0,0,'2019-05-09 01:24:40'),(74,1,8,0,0,0,0,0,'2019-05-09 01:24:40'),(74,1,12,0,0,0,0,0,'2019-05-09 01:24:40'),(74,1,13,0,0,0,0,0,'2019-05-09 01:24:40'),(74,1,14,0,0,0,0,0,'2019-05-09 01:24:40'),(74,1,15,0,0,0,0,0,'2019-05-09 01:24:40'),(75,1,7,0,0,0,0,0,'2019-05-09 01:26:34'),(75,1,8,0,0,0,0,0,'2019-05-09 01:26:34'),(75,1,13,0,0,0,0,0,'2019-05-09 01:26:34'),(75,1,14,0,0,0,0,0,'2019-05-09 01:26:34'),(75,1,15,0,0,0,0,0,'2019-05-09 01:26:34'),(76,1,7,0,0,0,0,0,'2019-05-09 01:28:38'),(76,1,8,0,0,0,0,0,'2019-05-09 01:28:38'),(76,1,13,0,0,0,0,0,'2019-05-09 01:28:38'),(76,1,14,0,0,0,0,0,'2019-05-09 01:28:38'),(76,1,15,0,0,0,0,0,'2019-05-09 01:28:38'),(77,1,7,0,0,0,0,0,'2019-05-09 01:32:11'),(77,1,8,0,0,0,0,0,'2019-05-09 01:32:11'),(77,1,12,0,0,0,0,0,'2019-05-09 01:32:11'),(77,1,13,0,0,0,0,0,'2019-05-09 01:32:11'),(77,1,14,0,0,0,0,0,'2019-05-09 01:32:11'),(77,1,15,0,0,0,0,0,'2019-05-09 01:32:11'),(78,1,7,0,0,0,0,0,'2019-05-09 01:34:12'),(78,1,8,0,0,0,0,0,'2019-05-09 01:34:12'),(78,1,12,0,0,0,0,0,'2019-05-09 01:34:12'),(78,1,13,0,0,0,0,0,'2019-05-09 01:34:12'),(78,1,14,0,0,0,0,0,'2019-05-09 01:34:12'),(78,1,15,0,0,0,0,0,'2019-05-09 01:34:12'),(79,1,7,0,0,0,0,0,'2019-05-09 01:35:24'),(79,1,8,0,0,0,0,0,'2019-05-09 01:35:24'),(79,1,12,0,0,0,0,0,'2019-05-09 01:35:24'),(79,1,13,0,0,0,0,0,'2019-05-09 01:35:24'),(79,1,14,0,0,0,0,0,'2019-05-09 01:35:24'),(79,1,15,0,0,0,0,0,'2019-05-09 01:35:24'),(80,1,7,0,0,0,0,0,'2019-05-09 01:40:26'),(80,1,8,0,0,0,0,0,'2019-05-09 01:40:26'),(80,1,12,0,0,0,0,0,'2019-05-09 01:40:26'),(80,1,13,0,0,0,0,0,'2019-05-09 01:40:26'),(80,1,14,0,0,0,0,0,'2019-05-09 01:40:26'),(80,1,15,0,0,0,0,0,'2019-05-09 01:40:26'),(81,1,7,0,0,0,0,0,'2019-05-09 01:41:14'),(81,1,8,0,0,0,0,0,'2019-05-09 01:41:14'),(81,1,12,0,0,0,0,0,'2019-05-09 01:41:14'),(81,1,13,0,0,0,0,0,'2019-05-09 01:41:14'),(81,1,14,0,0,0,0,0,'2019-05-09 01:41:14'),(81,1,15,0,0,0,0,0,'2019-05-09 01:41:14'),(82,1,7,0,0,0,0,0,'2019-05-09 01:43:08'),(82,1,8,0,0,0,0,0,'2019-05-09 01:43:08'),(82,1,12,0,0,0,0,0,'2019-05-09 01:43:08'),(82,1,13,0,0,0,0,0,'2019-05-09 01:43:08'),(82,1,14,0,0,0,0,0,'2019-05-09 01:43:08'),(82,1,15,0,0,0,0,0,'2019-05-09 01:43:08'),(83,1,7,0,0,0,0,0,'2019-05-09 01:46:23'),(83,1,8,0,0,0,0,0,'2019-05-09 01:46:23'),(83,1,12,0,0,0,0,0,'2019-05-09 01:46:23'),(83,1,13,0,0,0,0,0,'2019-05-09 01:46:23'),(83,1,14,0,0,0,0,0,'2019-05-09 01:46:23'),(83,1,15,0,0,0,0,0,'2019-05-09 01:46:23'),(84,1,7,0,0,0,0,0,'2019-05-09 01:47:12'),(84,1,8,0,0,0,0,0,'2019-05-09 01:47:12'),(84,1,12,0,0,0,0,0,'2019-05-09 01:47:12'),(84,1,13,0,0,0,0,0,'2019-05-09 01:47:12'),(84,1,14,0,0,0,0,0,'2019-05-09 01:47:12'),(84,1,15,0,0,0,0,0,'2019-05-09 01:47:12'),(85,1,7,0,0,0,0,0,'2019-05-09 01:48:55'),(85,1,8,0,0,0,0,0,'2019-05-09 01:48:55'),(85,1,12,0,0,0,0,0,'2019-05-09 01:48:55'),(85,1,13,0,0,0,0,0,'2019-05-09 01:48:55'),(85,1,14,0,0,0,0,0,'2019-05-09 01:48:55'),(85,1,15,0,0,0,0,0,'2019-05-09 01:48:55'),(86,1,7,0,0,0,0,0,'2019-05-09 01:52:32'),(86,1,8,0,0,0,0,0,'2019-05-09 01:52:32'),(86,1,12,0,0,0,0,0,'2019-05-09 01:52:32'),(86,1,13,0,0,0,0,0,'2019-05-09 01:52:32'),(86,1,14,0,0,0,0,0,'2019-05-09 01:52:32'),(86,1,15,0,0,0,0,0,'2019-05-09 01:52:32'),(87,1,7,0,0,0,0,0,'2019-05-09 01:53:07'),(87,1,8,0,0,0,0,0,'2019-05-09 01:53:07'),(87,1,12,0,0,0,0,0,'2019-05-09 01:53:07'),(87,1,13,0,0,0,0,0,'2019-05-09 01:53:07'),(87,1,14,0,0,0,0,0,'2019-05-09 01:53:07'),(87,1,15,0,0,0,0,0,'2019-05-09 01:53:07');
/*!40000 ALTER TABLE `votingBreakdowns` ENABLE KEYS */;
UNLOCK TABLES;
/*!40103 SET TIME_ZONE=@OLD_TIME_ZONE */;

/*!40101 SET SQL_MODE=@OLD_SQL_MODE */;
/*!40014 SET FOREIGN_KEY_CHECKS=@OLD_FOREIGN_KEY_CHECKS */;
/*!40014 SET UNIQUE_CHECKS=@OLD_UNIQUE_CHECKS */;
/*!40101 SET CHARACTER_SET_CLIENT=@OLD_CHARACTER_SET_CLIENT */;
/*!40101 SET CHARACTER_SET_RESULTS=@OLD_CHARACTER_SET_RESULTS */;
/*!40101 SET COLLATION_CONNECTION=@OLD_COLLATION_CONNECTION */;
/*!40111 SET SQL_NOTES=@OLD_SQL_NOTES */;

-- Dump completed on 2019-05-09  9:02:59
